Strategy,Return,Risk
Long-Only,0.5986651715403022,0.5127590249275571
Long-Only,0.1906141103377401,0.2259438120160213
Long-Only,0.1475054012676689,0.23993595599413492
Long-Only,0.5618767024060392,0.4770564863799855
Long-Only,0.24521677163309719,0.22394207328688862
Long-Only,0.3114836265938737,0.2717364143347666
Long-Only,0.2856098346568039,0.2777701391016983
Long-Only,0.36036182174545994,0.29649737851288216
Long-Only,0.326655316799474,0.2662224885930571
Long-Only,0.3620174087593315,0.334077000311591
Long-Only,0.26780125923477555,0.2654661604081693
Long-Only,0.5322255804851834,0.45859494824189523
Long-Only,0.39468256561340087,0.31553341031051907
Long-Only,0.1784437857487688,0.2303619677093297
Long-Only,0.18487953407994448,0.2106107663767679
Long-Only,0.24305911288625168,0.22330273232060097
Long-Only,0.3014230123343086,0.2789778673400834
Long-Only,0.619786907389801,0.529290592392775
Long-Only,0.5635498205696634,0.4689667241630535
Long-Only,0.3556244216651151,0.30136138983328226
Long-Only,0.24972455513769892,0.22519133219677806
Long-Only,0.17473902857943252,0.2186366707672913
Long-Only,0.13171662651856192,0.24392605718770918
Long-Only,0.2621044380327731,0.23941632698882082
Long-Only,0.2162679947803505,0.26587737277892715
Long-Only,0.4816902526779025,0.4138076360692918
Long-Only,0.5364804404123277,0.46582240452353
Long-Only,0.3746641412794693,0.30984649242249795
Long-Only,0.24973986917782787,0.22760744458570778
Long-Only,0.15523380316266003,0.21543255908575865
Long-Only,0.7238934661670933,0.6342525544006077
Long-Only,0.3641177841381319,0.29113515151511593
Long-Only,0.24891179717800854,0.22582439197290302
Long-Only,0.6000581698120138,0.5208870531714699
Long-Only,0.5000489487930279,0.42464013065640654
Long-Only,0.11753754331767621,0.24861171489689485
Long-Only,0.5143767231969616,0.44194845092467633
Long-Only,0.36516266286528576,0.29614327624043457
Long-Only,0.4660497287467319,0.3741312571973574
Long-Only,0.3683127135531039,0.3151773911786907
Long-Only,0.5022097063508764,0.41289199956207345
Long-Only,0.2585544081677431,0.24491085470405186
Long-Only,0.587173208666076,0.5131882290145341
Long-Only,0.5905055890578088,0.49658434665206863
Long-Only,0.3822789600806529,0.30617215176649165
Long-Only,0.15572610768605055,0.21374283577120215
Long-Only,0.18847834587064557,0.2224670749089163
Long-Only,0.46096791785222807,0.3894637340592723
Long-Only,0.3880884229985466,0.308888890038544
Long-Only,0.3215521170013694,0.3153143542521943
Long-Only,0.29803059933800136,0.2718024480911238
Long-Only,0.23845868072360762,0.2546020321603492
Long-Only,0.495674682601136,0.4257265322665081
Long-Only,0.18718302172248358,0.21071085100341644
Long-Only,0.2752156686351607,0.25888982584448705
Long-Only,0.1448327640672729,0.2304788367271394
Long-Only,0.3385579727248713,0.28300768447201946
Long-Only,0.3013821417226952,0.2938757913809803
Long-Only,0.37710939439315194,0.34948358710991173
Long-Only,0.29608637224472545,0.24755668037408982
Long-Only,0.7027764705956271,0.6103002676822831
Long-Only,0.20006468468309604,0.23888163833219891
Long-Only,0.14851160847436076,0.2361022003577761
Long-Only,0.5005876292381863,0.4097884949829904
Long-Only,0.4618332562002491,0.38492559499677803
Long-Only,0.18975109974037851,0.21364365947996397
Long-Only,0.598521867164246,0.5246302370918049
Long-Only,0.23639980916583814,0.2535875159937459
Long-Only,0.1791278230222787,0.23286126785946007
Long-Only,0.3461207581117745,0.28536693062839313
Long-Only,0.31948570030599566,0.26078559628393255
Long-Only,0.3437931545951617,0.3152382417524652
Long-Only,0.3662763858366246,0.293421398172734
Long-Only,0.36141800708223704,0.3031940347101449
Long-Only,0.48423989959029345,0.41831448380021174
Long-Only,0.37913689830504677,0.3467491936674236
Long-Only,0.21335859072808197,0.21364825932244164
Long-Only,0.7677302026721212,0.6816860383654708
Long-Only,0.3729052603091447,0.29821883244568387
Long-Only,0.121811818099249,0.24338919276265267
Long-Only,0.31418166154725186,0.3002108416955064
Long-Only,0.42038021398818093,0.33519875087928996
Long-Only,0.23015559679902528,0.2328616845205066
Long-Only,0.4496059667092402,0.392244219365861
Long-Only,0.14900032760798634,0.23872203298574196
Long-Only,0.40716122866873933,0.3485701566000802
Long-Only,0.5349726246691417,0.4477565094317458
Long-Only,0.15676569119340358,0.2298060769878936
Long-Only,0.3495209067585634,0.29973388565354114
Long-Only,0.7262310603813187,0.6359097841687135
Long-Only,0.7544321642725618,0.6686303404165327
Long-Only,0.4115384935129589,0.36087761732421486
Long-Only,0.1464670351932698,0.213562167606105
Long-Only,0.3995486009045872,0.3216876798801856
Long-Only,0.33243843825736874,0.31653519338969277
Long-Only,0.23653329257381772,0.25579572711595006
Long-Only,0.3322429443211691,0.26909780170597775
Long-Only,0.40167389431553246,0.3195321705073834
Long-Only,0.6286547978518797,0.547716718876119
Long-Only,0.7306191776155745,0.6476865765187789
Long-Only,0.2879647587931422,0.2437481995201373
Long-Only,0.5493625071771543,0.4563177257288128
Long-Only,0.19807744133830274,0.2725539407439888
Long-Only,0.261860010340379,0.2317635795972856
Long-Only,0.49462759060941425,0.4184893312927916
Long-Only,0.5304812900768372,0.4665607922103803
Long-Only,0.10930047079691957,0.2659855708256101
Long-Only,0.3849603003311451,0.3171231505376524
Long-Only,0.41711693040820474,0.33340745263689586
Long-Only,0.4039762293739461,0.3216719126691539
Long-Only,0.48625395084751766,0.4174664911422569
Long-Only,0.20063598385347647,0.2174710880549401
Long-Only,0.30689332075804293,0.2939653737871789
Long-Only,0.2832328788476237,0.2419686100460552
Long-Only,0.20998392305584343,0.22407283897308372
Long-Only,0.2575979652434485,0.2758340772304037
Long-Only,0.2990809214676713,0.2574950014104738
Long-Only,0.490808796005108,0.42492178758636145
Long-Only,0.4041081167643038,0.32302110395269623
Long-Only,0.4912287842091727,0.3973082024956246
Long-Only,0.6945814635644033,0.6054382063827709
Long-Only,0.2942824795879615,0.24623188519542671
Long-Only,0.153521052471766,0.23933984059275387
Long-Only,0.18443297574753562,0.22838174654974372
Long-Only,0.38951972164367227,0.3102678038050192
Long-Only,0.5932370310192517,0.49898655462190666
Long-Only,0.49075186629608575,0.4142040680354077
Long-Only,0.24711672726334147,0.23523526138222192
Long-Only,0.34720280212777926,0.32017685710302013
Long-Only,0.21823094799309462,0.25130229584510466
Long-Only,0.7646499715916599,0.6795774014485425
Long-Only,0.1358397688696533,0.22154599786727608
Long-Only,0.33564977300347765,0.2881027154987296
Long-Only,0.19280665104372263,0.22599445799686033
Long-Only,0.40727156950186794,0.353823989268361
Long-Only,0.20013704062636906,0.21259527392526797
Long-Only,0.13406237529873666,0.22393312173053775
Long-Only,0.28206255677710246,0.24034007188650844
Long-Only,0.6998797889291208,0.617676021456307
Long-Only,0.17060627396043196,0.23846043470601733
Long-Only,0.7077812296038535,0.6263614324730501
Long-Only,0.16842962711634363,0.2090222613043767
Long-Only,0.24134548380971554,0.22657415423187008
Long-Only,0.29088122621821544,0.26431911031404415
Long-Only,0.24309856888218,0.23626361738082005
Long-Only,0.20258441490363843,0.23703042504953606
Long-Only,0.6739039072381554,0.5850644344851057
Long-Only,0.6213095959189257,0.5339916348453457
Long-Only,0.28474170756816897,0.24098233405039962
Long-Only,0.4526934498274851,0.3697355831468988
Long-Only,0.22391681725053575,0.2510562283151153
Long-Only,0.6503104873077666,0.5702828186144936
Long-Only,0.5070174355077445,0.42093955967318003
Long-Only,0.6290005114389058,0.5463248503713752
Long-Only,0.41881730587405974,0.33590207009291745
Long-Only,0.4227911090052577,0.34396893111009647
Long-Only,0.24887209723829185,0.2329112445812441
Long-Only,0.313032711148195,0.3001703398178749
Long-Only,0.5848691417219353,0.49146103608613634
Long-Only,0.542508017775424,0.45758883495980784
Long-Only,0.22518171593881575,0.21902864065930916
Long-Only,0.12674092106981466,0.2243727105370665
Long-Only,0.6186565573669317,0.524485772817228
Long-Only,0.43738251384691096,0.3516839650878667
Long-Only,0.2726901547858136,0.2576985959479104
Long-Only,0.36930078655858556,0.3021147861217415
Long-Only,0.5836257562296663,0.4877269989188659
Long-Only,0.44388879536104303,0.3636055904174173
Long-Only,0.3914523007348232,0.3120219981164483
Long-Only,0.42176300895270935,0.36484628100533434
Long-Only,0.3685189755122329,0.3025317850358052
Long-Only,0.2241932417038351,0.2417043045333194
Long-Only,0.6393427429858963,0.5507293267593907
Long-Only,0.5315548477626106,0.4519883053240406
Long-Only,0.49010354580958115,0.4057246135699635
Long-Only,0.40467923015995044,0.3226646338749264
Long-Only,0.4672553048924083,0.3791775412709786
Long-Only,0.2432646806014951,0.22345359688581215
Long-Only,0.21972991430078315,0.2351221321907573
Long-Only,0.14152450300869185,0.24419695774013406
Long-Only,0.29820104601173414,0.2531207183924756
Long-Only,0.29051400924648474,0.2660301583179072
Long-Only,0.3221522531347032,0.2622443379657197
Long-Only,0.21832682527351877,0.21481475985945286
Long-Only,0.38113756474554966,0.30558744063663473
Long-Only,0.4009462838880027,0.3593985853628903
Long-Only,0.48476195538177375,0.4144004127890063
Long-Only,0.17505614740084996,0.2108355043542913
Long-Only,0.2021729579160359,0.21848264288945235
Long-Only,0.23454178867637154,0.223297765929077
Long-Only,0.2687487168000696,0.23698251519705607
Long-Only,0.1802192911272057,0.21819274494147897
Long-Only,0.5610784208876365,0.4779710802076645
Long-Only,0.14981456097529988,0.22092649358113509
Long-Only,0.2487153949088139,0.23369897855412688
Long-Only,0.2828010004654701,0.255530080622624
Long-Only,0.17593335020916182,0.2095656339976031
Long-Only,0.14289355286996483,0.22487608456147132
Long-Only,0.18141056734216748,0.218141560725093
Long-Only,0.49700590232673625,0.4099172493810901
Long-Only,0.1374287331996478,0.21704213073868137
Long-Only,0.4073664628744197,0.32415811097537994
Long-Only,0.166512928619681,0.2229875469440742
Long-Only,0.45665088808764176,0.3701479581236557
Long-Only,0.14672611186778717,0.24944573035008122
Long-Only,0.1657011557873841,0.2128474334200338
Long-Only,0.40295313507907654,0.3295208699241089
Long-Only,0.13005023907996674,0.22097250466449947
Long-Only,0.3111694186963242,0.25543088665929004
Long-Only,0.21503945195937782,0.23026779602236694
Long-Only,0.20900414330458955,0.2511532903987427
Long-Only,0.4177709333818105,0.3635725846858414
Long-Only,0.12568751324452318,0.22204409442537057
Long-Only,0.5501328672170628,0.4561214606944392
Long-Only,0.24049806944105345,0.2844139564868189
Long-Only,0.3095591755281241,0.2613698493643174
Long-Only,0.3348729723238299,0.28080389810492157
Long-Only,0.3504918698118331,0.2844986004653448
Long-Only,0.5957302095677285,0.5084542681421864
Long-Only,0.1783555159706537,0.21559104094171044
Long-Only,0.35890941864624515,0.2878373445020861
Long-Only,0.42993211199115167,0.34697149762905743
Long-Only,0.26239011913716787,0.23471954071204515
Long-Only,0.5403981357938563,0.45721705712796606
Long-Only,0.4710201003925,0.3794662055686087
Long-Only,0.3686717086822728,0.33547987053512585
Long-Only,0.14516172620707707,0.21560183410607062
Long-Only,0.15311435529752526,0.2100607416991417
Long-Only,0.5817747822314697,0.4952350319711255
Long-Only,0.366959458115851,0.3092091237235499
Long-Only,0.6914544881850897,0.599783565000918
Long-Only,0.6459660057965241,0.5521484181896912
Long-Only,0.19827840915057188,0.21233348835840307
Long-Only,0.7304974602350454,0.6408669935435707
Long-Only,0.12560670034309926,0.24809138743961653
Long-Only,0.19014783541520786,0.23579214533950485
Long-Only,0.5802595763892215,0.48937436556438413
Long-Only,0.20157044935637342,0.24188278662208226
Long-Only,0.7477792067667167,0.6588463847343312
Long-Only,0.6488621424154158,0.5702667815060617
Long-Only,0.2933427639695275,0.24517924058045745
Long-Only,0.3746639957541259,0.30585862809356457
Long-Only,0.21445931388204287,0.23545811336707798
Long-Only,0.12861275029479244,0.2187334915023809
Long-Only,0.17727825618606816,0.24997799278410684
Long-Only,0.49704855538214465,0.4372157921956744
Long-Only,0.25915515156218355,0.22902090998648303
Long-Only,0.19059541572842498,0.23317229594905456
Long-Only,0.1538365552267057,0.22251414256510765
Long-Only,0.5092921461282311,0.42338494833402845
Long-Only,0.18647156128231993,0.23140480349096218
Long-Only,0.3430192011748343,0.276022511617726
Long-Only,0.2468934052407079,0.22390925267631837
Long-Only,0.6603542776218465,0.5823435614284622
Long-Only,0.2590305957645817,0.23718954475496967
Long-Only,0.41393595070775824,0.3693773664978841
Long-Only,0.19986425101936095,0.21578095624726454
Long-Only,0.34995854215586963,0.28077155429186457
Long-Only,0.3782130953195152,0.30786133727141296
Long-Only,0.3700057546797548,0.30413591841157034
Long-Only,0.14901544030059535,0.23920559006857642
Long-Only,0.6159577052340972,0.5213518345021981
Long-Only,0.356776788343202,0.330034217995663
Long-Only,0.6881964443568337,0.6027736348353678
Long-Only,0.22400132890905516,0.21623759338339338
Long-Only,0.4962429783482979,0.42855398463944283
Long-Only,0.31838611785136833,0.26034136930371177
Long-Only,0.3077910513899912,0.2554131514356246
Long-Only,0.11667900158824249,0.2735656407935836
Long-Only,0.30410875472646826,0.2513684221526297
Long-Only,0.14068314649458974,0.27060833638839815
Long-Only,0.11858157138313732,0.2336378326511223
Long-Only,0.3871508550800894,0.30816043188008835
Long-Only,0.5698789901306055,0.4896490041975258
Long-Only,0.29146815636416196,0.2460850863251769
Long-Only,0.5559888629406059,0.4625838475553208
Long-Only,0.16687101361279458,0.20931885629564598
Long-Only,0.6324656698495205,0.5553991933070286
Long-Only,0.1814873548794042,0.2715993359932006
Long-Only,0.5704324220574072,0.49106854398125066
Long-Only,0.3691536293772795,0.3091885092821879
Long-Only,0.44669648659868594,0.3733797330471791
Long-Only,0.7725853118551208,0.6878829637567752
Long-Only,0.19521206260129614,0.25997489432084053
Long-Only,0.2659770535953593,0.2652505662697742
Long-Only,0.5317673796468403,0.4507755688766132
Long-Only,0.5323431811734418,0.45043281441344135
Long-Only,0.21606885716992535,0.25224455390971584
Long-Only,0.2941903071602167,0.24624031315231873
Long-Only,0.1592697768292633,0.22674629054374604
Long-Only,0.5385504732356365,0.46100359918932454
Long-Only,0.4779421092141606,0.3879196506565173
Long-Only,0.3747938093316332,0.31580651670800186
Long-Only,0.6088040735097782,0.517367053915823
Long-Only,0.277451809236882,0.28432121402251076
Long-Only,0.17488047356293354,0.26983594496051305
Long-Only,0.140601276241262,0.2536298140936072
Long-Only,0.15002589759806603,0.22122310848425086
Long-Only,0.6169276279286297,0.5208229158906522
Long-Only,0.19049051375022602,0.23291006136883746
Long-Only,0.1880160927371264,0.25621408322182787
Long-Only,0.27974019446379156,0.2866767371100478
Long-Only,0.3750570683895498,0.29900234081149873
Long-Only,0.1509247979686801,0.21027135750138687
Long-Only,0.19578471050757323,0.22708685346062824
Long-Only,0.19394573709984317,0.2527915085489177
Long-Only,0.2587848180480319,0.2863077673660462
Long-Only,0.5811364355748349,0.48533064740805304
Long-Only,0.2078541093500264,0.21677885217513113
Long-Only,0.16356588484279933,0.218125368467959
Long-Only,0.17274996653879077,0.2373429040411977
Long-Only,0.298228885929856,0.24923787994990673
Long-Only,0.16529868588137833,0.23026670281030862
Long-Only,0.3473553649503688,0.29556199605413347
Long-Only,0.6420557851986876,0.5635625136630581
Long-Only,0.6993318282273848,0.6168378004394816
Long-Only,0.6469161825219099,0.5599536760068518
Long-Only,0.3412786348988372,0.2765880947778238
Long-Only,0.37742507284024984,0.300782965900483
Long-Only,0.2876376243959782,0.24573959820492428
Long-Only,0.7575472941044458,0.6692215267422268
Long-Only,0.21260522230379028,0.21619134907720616
Long-Only,0.19166967522153983,0.22900878577063197
Long-Only,0.23332220965340233,0.2759537510408726
Long-Only,0.40226181739273964,0.35320528438789967
Long-Only,0.3776385775850092,0.3023754693510866
Long-Only,0.40999004737678474,0.37181327491384497
Long-Only,0.23415486947355763,0.22039075660421778
Long-Only,0.5162126430324738,0.4245997311256249
Long-Only,0.7380750776094543,0.6500247232904021
Long-Only,0.443010477534606,0.3806802635909389
Long-Only,0.6251044201790866,0.5413636371395838
Long-Only,0.16234815247931098,0.23401498598369133
Long-Only,0.4134871347410179,0.32942402214968275
Long-Only,0.15568250235545217,0.22906761714813675
Long-Only,0.7158973782053291,0.630231195808641
Long-Only,0.5315048348188683,0.4520466051312238
Long-Only,0.15385218486214747,0.21831830418566825
Long-Only,0.21509502023779198,0.21569109715956417
Long-Only,0.7425814465351875,0.6580733028431139
Long-Only,0.32011952478662486,0.2640096821633403
Long-Only,0.3189643890184445,0.2689524399227712
Long-Only,0.21924561648483168,0.21501206464780967
Long-Only,0.20471039196895846,0.2539111186266307
Long-Only,0.5269840198849288,0.4415783964543876
Long-Only,0.15158899281188581,0.21125510771025666
Long-Only,0.16024117000700938,0.20931329727634176
Long-Only,0.4351996389196781,0.35251800781505255
Long-Only,0.12878567991369813,0.2282735233557222
Long-Only,0.1764762141326089,0.2515022303009361
Long-Only,0.5972437991142852,0.5186627561843816
Long-Only,0.34420310699054457,0.27773497976334227
Long-Only,0.34083273821335924,0.2940051849014949
Long-Only,0.5830070619207965,0.4974960930993126
Long-Only,0.29313178328075534,0.24880007762875883
Long-Only,0.5928816272730988,0.5111971761109978
Long-Only,0.5843174652184991,0.5086091162180063
Long-Only,0.7044276024237908,0.6145856349358728
Long-Only,0.2485302522589682,0.2257264583679562
Long-Only,0.6851967848638031,0.594363178688642
Long-Only,0.17080401913591606,0.23596503150005765
Long-Only,0.1443560637296305,0.21209055916606223
Long-Only,0.69507082665578,0.6130430286390546
Long-Only,0.21802273108310072,0.21612034361840324
Long-Only,0.16674131232409128,0.23315150040582008
Long-Only,0.2179786353709423,0.21565156362073068
Long-Only,0.29624911506056795,0.2475075990310761
Long-Only,0.13293210217334048,0.21409362144595642
Long-Only,0.15210343011208566,0.25391813130040247
Long-Only,0.4234691281305436,0.3820947142461
Long-Only,0.3372250895143909,0.28079637963903786
Long-Only,0.236420523011924,0.2242509553458501
Long-Only,0.3945550763162205,0.3211923546809588
Long-Only,0.6036904004220315,0.5245369458724115
Long-Only,0.12309455694179969,0.2175766408191851
Long-Only,0.5667706182674229,0.47109863849123407
Long-Only,0.27591228599663703,0.24344330257170177
Long-Only,0.1227824692244381,0.27633087932352984
Long-Only,0.6702320990584154,0.5918239716877731
Long-Only,0.14314700626334426,0.23549407263011296
Long-Only,0.49627492274871504,0.427513547312756
Long-Only,0.2963091704379632,0.267256466363633
Long-Only,0.40526690119700504,0.33420225538470705
Long-Only,0.1826298096525223,0.20943223986019638
Long-Only,0.12189291629408198,0.23581978629814243
Long-Only,0.43847190581436196,0.3783634297104358
Long-Only,0.22757639466492097,0.21888209869732544
Long-Only,0.3322717363536052,0.26958870777005717
Long-Only,0.23843276045405792,0.26541893223757945
Long-Only,0.23853877076044117,0.24313161562746402
Long-Only,0.35778829847498766,0.28652689963677347
Long-Only,0.5097192732530993,0.42843234744392367
Long-Only,0.40388723699630164,0.3394219228016558
Long-Only,0.27557057936695906,0.28032078743798633
Long-Only,0.2843778745418698,0.27299954255636694
Long-Only,0.596031524069827,0.5155107341644888
Long-Only,0.3659172619042056,0.2925231080592421
Long-Only,0.3866603742277879,0.3140833185624372
Long-Only,0.6532092075976118,0.5675287411924018
Long-Only,0.5661589718116001,0.49021632193063314
Long-Only,0.15216138401314822,0.2292926999689347
Long-Only,0.4605882342321247,0.37782936763161296
Long-Only,0.4145769203244223,0.33800002786211975
Long-Only,0.41603335339353165,0.331905917898606
Long-Only,0.2281106215085671,0.2263431946233351
Long-Only,0.2851109908876803,0.2413202463263259
Long-Only,0.2173836958525105,0.22947874563057388
Long-Only,0.44326893783292337,0.38960590146193314
Long-Only,0.22575615434304824,0.21872417314694034
Long-Only,0.3112349368924586,0.2560869590874839
Long-Only,0.44285610569306827,0.35614502053633235
Long-Only,0.42805787911684867,0.366796711921123
Long-Only,0.24313963497286817,0.22761923776470352
Long-Only,0.1680771943268544,0.22087675677154986
Long-Only,0.5849313943577319,0.48997738041068306
Long-Only,0.3851946684802064,0.3149788193659554
Long-Only,0.21521266137692782,0.23109283349180268
Long-Only,0.23143339484895067,0.22279167122080415
Long-Only,0.18194310898556176,0.22028026704480688
Long-Only,0.48593820179214725,0.3951531377871162
Long-Only,0.22369383600055065,0.21837904251500165
Long-Only,0.1404766386679224,0.2269827348397112
Long-Only,0.35216475107455814,0.2837374153784073
Long-Only,0.432586254105507,0.3709841936605636
Long-Only,0.5073239263162597,0.4404367705272745
Long-Only,0.7052680507225403,0.6144543743505181
Long-Only,0.25235166342615634,0.22723948900095411
Long-Only,0.43092043958247006,0.37445484205218665
Long-Only,0.21351956823613233,0.24230129467165346
Long-Only,0.665166968809465,0.5822867780871003
Long-Only,0.3059454484332774,0.2541378875410798
Long-Only,0.6317365284305015,0.5461069416780313
Long-Only,0.5309082295657515,0.4571111318368825
Long-Only,0.28042965396695657,0.2879087454999166
Long-Only,0.17710153389568828,0.2093333070596824
Long-Only,0.15315029317730766,0.21570998397037333
Long-Only,0.3637787116823641,0.3152028378964882
Long-Only,0.27445995825452796,0.24166489043967068
Long-Only,0.26005085340175726,0.28924135762954983
Long-Only,0.19483446468123164,0.21313300524586187
Long-Only,0.6261332067961403,0.5310734239399916
Long-Only,0.18165656719551052,0.2506600329214196
Long-Only,0.2891171055155579,0.26877324643787354
Long-Only,0.6436808812203288,0.5487841945004942
Long-Only,0.3679272766104763,0.2940431108302702
Long-Only,0.41638324881083394,0.3329948527727933
Long-Only,0.48944908764408146,0.40249235779075293
Long-Only,0.28189895206789706,0.2466717725960949
Long-Only,0.18065646420736814,0.22949142116404342
Long-Only,0.41844285053736446,0.3338787482499802
Long-Only,0.2117270316996734,0.21780972354426711
Long-Only,0.7278725653519147,0.6397727884643263
Long-Only,0.25666063274800366,0.277105619914273
Long-Only,0.755724509375131,0.6721559707758741
Long-Only,0.3638751642621812,0.30463243131207834
Long-Only,0.21965594808227384,0.24811968653542033
Long-Only,0.624543630541987,0.5413738564707214
Long-Only,0.6119724086675716,0.5370910881757922
Long-Only,0.5866233774799234,0.5046805665284203
Long-Only,0.49591810824171323,0.4073162292076482
Long-Only,0.2592536434783628,0.23371902783680643
Long-Only,0.5953128976164613,0.5064769094777039
Long-Only,0.3217620778605671,0.2623998658229611
Long-Only,0.672978935364939,0.5815855007112118
Long-Only,0.2325446018500582,0.22241183643254303
Long-Only,0.22289274782670693,0.2161027497712128
Long-Only,0.3902498329759373,0.31327230034180603
Long-Only,0.6419800035004584,0.54684038848311
Long-Only,0.47395338158562345,0.3847802931090196
Long-Only,0.2500273835788643,0.256258593677308
Long-Only,0.4169004827420088,0.3774117433554157
Long-Only,0.2496315224542075,0.28135408456579236
Long-Only,0.14803680420443072,0.24112851232759047
Long-Only,0.48190507292219675,0.41053473428310966
Long-Only,0.25857343611809436,0.23474832798893847
Long-Only,0.31770652588707066,0.31559397732525524
Long-Only,0.134819101311593,0.224055442380284
Long-Only,0.18722029898352727,0.25861703964419946
Long-Only,0.3141458967717372,0.30344687231509787
Long-Only,0.4083879705990816,0.3612835141672373
Long-Only,0.5480832226981727,0.4543005488801456
Long-Only,0.40232360009322976,0.3479802294679245
Long-Only,0.2892181787389607,0.24775366436418964
Long-Only,0.6031437030990997,0.5120736165173895
Long-Only,0.45467234985892346,0.3678532906368355
Long-Only,0.43970288629126386,0.35789524720752747
Long-Only,0.5590418132040598,0.4894479905062398
Long-Only,0.23790733278009168,0.23204048663851792
Long-Only,0.271875149491232,0.23531006427208617
Long-Only,0.34114613519366677,0.27927605094816715
Long-Only,0.14231226197537147,0.2207922388384887
Long-Only,0.1638510552687706,0.2116923628453336
Long-Only,0.6654051186732751,0.5808805572265173
Long-Only,0.16327984976467097,0.24688459122012837
Long-Only,0.2895519329962606,0.28021973350853807
Long-Only,0.5841588395873227,0.4904808039751799
Long-Only,0.4623092104057902,0.3850687080097981
Long-Only,0.4400992847387696,0.352577421120499
Long-Only,0.7484951204678555,0.661236890359912
Long-Only,0.1594063529482468,0.216352398100744
Long-Only,0.352532350965656,0.28331778735049157
Long-Only,0.11319465309631975,0.2719779063400511
Long-Only,0.3417358655990094,0.2933564679563561
Long-Only,0.192094469882221,0.21101533065099584
Long-Only,0.29340718130726107,0.2453496055414165
Long-Only,0.14671243054320807,0.2229024708685154
Long-Only,0.6316709620415419,0.5436837344257617
Long-Only,0.4855037100870763,0.4043417570067308
Long-Only,0.3651481605837319,0.3262544955245448
Long-Only,0.2903043301324273,0.24592966985809214
Long-Only,0.37304726553105605,0.3360573005450381
Long-Only,0.162608237131689,0.21166089310863329
Long-Only,0.20882332567895326,0.2196498722082097
Long-Only,0.4255289890561994,0.33981440908116545
Long-Only,0.2487135569168766,0.231813326212619
Long-Only,0.49738886300103,0.4139937772958818
Long-Only,0.47529983249069463,0.38990521889824126
Long-Only,0.3412073254863246,0.2782082026100556
Long-Only,0.751362988114928,0.6638023807075194
Long-Only,0.2977615904028673,0.2483256050863057
Long-Only,0.3176271498738251,0.26028171900509206
Long-Only,0.23412812471119065,0.2214213865807802
Long-Only,0.5785948550931684,0.4907880034228716
Long-Only,0.246947765029076,0.260654734517147
Long-Only,0.16164168203123297,0.22719856928985346
Long-Only,0.25158446757516495,0.26007421206938314
Long-Only,0.6906932088789945,0.6104598960240358
Long-Only,0.26604146304290055,0.23523796982816542
Long-Only,0.2472787117811419,0.23487892823904846
Long-Only,0.45928862857571634,0.3893552709243626
Long-Only,0.58162742382027,0.49085731763126456
Long-Only,0.47954335644255336,0.3924743945185432
Long-Only,0.2786578411131888,0.27671113447815027
Long-Only,0.27963499984860385,0.2863274537245747
Long-Only,0.18351513352111687,0.20999095397182388
Long-Only,0.4543953161778798,0.3815836710636703
Long-Only,0.5864939116758349,0.4913841713051837
Long-Only,0.43490784369103563,0.34964070496726424
Long-Only,0.1699354710380697,0.2185750373719011
Long-Only,0.48579007597518364,0.42562296583642223
Long-Only,0.15411402121093215,0.23826501331060726
Long-Only,0.11818014070549406,0.2602641487787756
Long-Only,0.5831866313581603,0.4921565559117779
Long-Only,0.4904096366514175,0.39657946652677983
Long-Only,0.1978269304657273,0.210883575173393
Long-Only,0.4014318439872106,0.33185534433400127
Long-Only,0.25365684297237834,0.28031912590696606
Long-Only,0.5972810674208264,0.5053531270707963
Long-Only,0.22617787960614608,0.27516607830972406
Long-Only,0.2100717492198601,0.22500513493162008
Long-Only,0.311285671906586,0.2941401370328189
Long-Only,0.15705164389321846,0.21509755710749473
Long-Only,0.2968277485728197,0.2518125517022252
Long-Only,0.30106180582973285,0.2507275509516992
Long-Only,0.48178795196321794,0.3924173246530104
Long-Only,0.3159036820322354,0.303396948366096
Long-Only,0.3902416583929027,0.3186612263298245
Long-Only,0.44783539478657763,0.3949905689794785
Long-Only,0.5287713186771891,0.4403477740118791
Long-Only,0.3398481557276513,0.2994886154966654
Long-Only,0.1914034626063068,0.2303282031110828
Long-Only,0.31987799639878317,0.2618613365011263
Long-Only,0.805471018138604,0.7204500131119691
Long-Only,0.6340563569894115,0.5556847782427212
Long-Only,0.5097913742878929,0.4195332658535262
Long-Only,0.252559890646258,0.2434408768338264
Long-Only,0.3375455545524933,0.2723260285615666
Long-Only,0.5013782188174652,0.41171776005106026
Long-Only,0.3537667409824249,0.28997641835448035
Long-Only,0.23810137531726294,0.22730364021344293
Long-Only,0.1741501993884937,0.22586270599504144
Long-Only,0.2295155573816074,0.2822223811610598
Long-Only,0.3275860883624125,0.3128871135382491
Long-Only,0.5913124150625041,0.5146474254345059
Long-Only,0.4749421235460917,0.3865089517699621
Long-Only,0.241862108770682,0.23197118500943523
Long-Only,0.44667767934770763,0.36068056087418987
Long-Only,0.23259888622862548,0.27007284257116415
Long-Only,0.5188910275336259,0.42677568109435565
Long-Only,0.3855608733340975,0.3549178680885624
Long-Only,0.2186152833986439,0.25824361601522305
Long-Only,0.12809334076383347,0.26640966897263635
Long-Only,0.33921800500131427,0.3061106587371742
Long-Only,0.5223404438233654,0.4267975312226326
Long-Only,0.27782890122295345,0.23932105538879656
Long-Only,0.374660671588961,0.3426334121451078
Long-Only,0.35130701062187036,0.2819381315761903
Long-Only,0.1507475175389607,0.23085284917599402
Long-Only,0.19617903099093403,0.21067176118043818
Long-Only,0.14628698388404568,0.2106382260391671
Long-Only,0.4359517372625239,0.37136780486223425
Long-Only,0.4124678503367366,0.35606956629428793
Long-Only,0.6875844082880807,0.6064036984360865
Long-Only,0.5240938007209077,0.4542908480254593
Long-Only,0.3139082184976959,0.27113804406393244
Long-Only,0.4087076420650809,0.3449677555622847
Long-Only,0.23055245266786403,0.25771609425584946
Long-Only,0.45070511170747307,0.3995711915164812
Long-Only,0.5150929509618479,0.450281797528487
Long-Only,0.5315535376210524,0.4365754590941645
Long-Only,0.685036495554313,0.6042006262020491
Long-Only,0.31143779052261755,0.26701325374378165
Long-Only,0.32585017353180645,0.29654876377149675
Long-Only,0.2979726458798709,0.26314091217497176
Long-Only,0.4992110526312522,0.42084668232221983
Long-Only,0.5432034868687684,0.4494093483189032
Long-Only,0.18435013901029626,0.2221993821695468
Long-Only,0.30812852495589627,0.2888879173596761
Long-Only,0.1966232927617308,0.21846643145338718
Long-Only,0.23776527365971722,0.25041149364956006
Long-Only,0.5070078607600573,0.4434456502347012
Long-Only,0.1899048434658041,0.21844638271242664
Long-Only,0.19156243600203202,0.21891927520262083
Long-Only,0.14341976400678777,0.22087215417265502
Long-Only,0.47461861618972545,0.39920237095071553
Long-Only,0.598484136356007,0.5165304157407965
Long-Only,0.1758746951765747,0.22711589880438082
Long-Only,0.15239523494768176,0.21132494641055516
Long-Only,0.4802046489399914,0.3873434208729703
Long-Only,0.2316394395258121,0.2589922188555534
Long-Only,0.3603487119914449,0.29704350920325684
Long-Only,0.5954017606485739,0.5228618231686099
Long-Only,0.19188521064325595,0.25045669200892684
Long-Only,0.42353572665590844,0.338840178662731
Long-Only,0.48519439144992277,0.3942939364043876
Long-Only,0.4806378681089653,0.418561995590043
Long-Only,0.49182556586138265,0.4227619208558679
Long-Only,0.24142593958805603,0.23886706476928724
Long-Only,0.42314428138945026,0.33815149059917204
Long-Only,0.729788033683439,0.6425093986581406
Long-Only,0.32942539214979816,0.2820102633314733
Long-Only,0.46027334131928643,0.380622983773994
Long-Only,0.26544891774579676,0.23394718552088492
Long-Only,0.22299865113716016,0.2164595166883961
Long-Only,0.15453720654953845,0.2140640775008954
Long-Only,0.30434592519599113,0.2527853888708179
Long-Only,0.16226676090898032,0.21252095632720552
Long-Only,0.19141198417655153,0.21736441375864055
Long-Only,0.2874398733008182,0.243787035206779
Long-Only,0.5223695397724682,0.44647195425747044
Long-Only,0.33030259349496854,0.31389180394700894
Long-Only,0.4706409288418654,0.37811153660213837
Long-Only,0.5954619047634675,0.5013448930379324
Long-Only,0.26962666938795826,0.2834717976992267
Long-Only,0.2150989585579859,0.27881632577893883
Long-Only,0.1406592686110569,0.21631454023273552
Long-Only,0.5210977427225365,0.4485512006224848
Long-Only,0.3764940322745504,0.31599054131040966
Long-Only,0.2889305326417895,0.2443948293254905
Long-Only,0.20263163020371772,0.22050865489987476
Long-Only,0.6991396742768057,0.6064025174112015
Long-Only,0.5317171854665641,0.45737987365360544
Long-Only,0.5380917321608498,0.44384725565322963
Long-Only,0.19895171319464633,0.21492974572277235
Long-Only,0.417993750213968,0.33984116042928747
Long-Only,0.5163426997634657,0.44981825888700905
Long-Only,0.22162682217179883,0.21650929181964448
Long-Only,0.2052005330834183,0.21363346546754833
Long-Only,0.18372391313722797,0.22791000559509292
Long-Only,0.2790839037495785,0.2383272189715733
Long-Only,0.17336379018750947,0.2405209540395954
Long-Only,0.5139254605577286,0.4471305841422105
Long-Only,0.38825435849370765,0.309994201399646
Long-Only,0.549099681553847,0.4529988135088702
Long-Only,0.5616467071484711,0.4924714484698217
Long-Only,0.4478685316685238,0.3619289955379151
Long-Only,0.19211348568972914,0.21772733874476285
Long-Only,0.4953164805761443,0.4010765743966722
Long-Only,0.12295404214865525,0.23096895793630445
Long-Only,0.7138601311163486,0.6318967091948835
Long-Only,0.5504182664017544,0.46059870873515696
Long-Only,0.6047691173391011,0.5090466975803625
Long-Only,0.31695673166792426,0.26768714227699997
Long-Only,0.611921707177647,0.5154062307328315
Long-Only,0.19630598882908196,0.27229590079682453
Long-Only,0.3277581121014627,0.2802386149302055
Long-Only,0.6143045918613567,0.5219570525378756
Long-Only,0.31356739370894754,0.259069910795966
Long-Only,0.40289744577013115,0.3398182538864117
Long-Only,0.5805706214559343,0.49750865120906357
Long-Only,0.3044473846063156,0.2858451538964486
Long-Only,0.39752769205348026,0.325375312816373
Long-Only,0.269424148097473,0.28347763324127984
Long-Only,0.7045162785874197,0.6238716863977127
Long-Only,0.2751815846882466,0.2588695090552246
Long-Only,0.575549821778769,0.48298351074764445
Long-Only,0.1347294068630169,0.21774869395244761
Long-Only,0.6718336207581379,0.5804325345520884
Long-Only,0.3570004229934304,0.30896776791257274
Long-Only,0.21152962817874227,0.22651267801183006
Long-Only,0.23495091393141254,0.24167204609435894
Long-Only,0.34395990705150986,0.2767216201711794
Long-Only,0.16725429545566373,0.2463544660806631
Long-Only,0.20775008726674207,0.21301656435626237
Long-Only,0.23106840693569633,0.25433268149750826
Long-Only,0.451624154873651,0.4023345788262349
Long-Only,0.5679625779695144,0.4714203965640537
Long-Only,0.21405411458636045,0.24154832606864002
Long-Only,0.23206202350407545,0.26565742587439956
Long-Only,0.4900608116315451,0.43067087068746307
Long-Only,0.5359565761259363,0.4459959928687653
Long-Only,0.16392303815639106,0.22085504452236426
Long-Only,0.1722219331902578,0.2206110769323187
Long-Only,0.18589449234702174,0.23513419568025298
Long-Only,0.401820119057148,0.3208340508595891
Long-Only,0.6313021436701013,0.5529503717355518
Long-Only,0.6710668519048206,0.5790497075324889
Long-Only,0.37617693656492207,0.30880762873987955
Long-Only,0.3230537608405538,0.28830097809112687
Long-Only,0.2689729575168366,0.26368410185674107
Long-Only,0.6194212849684146,0.5390765506130376
Long-Only,0.1786725739284734,0.21632304639194636
Long-Only,0.24117720540580084,0.24077084717734387
Long-Only,0.48688008756068857,0.4270513067598095
Long-Only,0.20867679150915774,0.21910567618237442
Long-Only,0.5343352855212425,0.43790933569690593
Long-Only,0.40622316722590457,0.3627605565211446
Long-Only,0.3937754871972162,0.3257102301753921
Long-Only,0.6496954599524756,0.5734193328553757
Long-Only,0.20905060974778658,0.21384397615267461
Long-Only,0.31023727475429713,0.26983947719119633
Long-Only,0.11155022849381535,0.2508178837757849
Long-Only,0.39250050955472443,0.31271366949652857
Long-Only,0.19758034079960357,0.24711709672976756
Long-Only,0.10885961970501415,0.274800032311746
Long-Only,0.22123405813629504,0.2155284456460725
Long-Only,0.20583908834059667,0.25904207795246015
Long-Only,0.44341130538707973,0.36202167146970615
Long-Only,0.43428276170433466,0.3704699108686097
Long-Only,0.5242716213122399,0.45962691485867646
Long-Only,0.21023082656066877,0.27651452373721275
Long-Only,0.3452583543196328,0.2983552924486542
Long-Only,0.43825406508114445,0.350568256634159
Long-Only,0.14895612107019698,0.21969955616875045
Long-Only,0.1547616723365001,0.21782533203299584
Long-Only,0.13884528505231397,0.22759942947047856
Long-Only,0.49432582282216986,0.40770122458085195
Long-Only,0.2161140369044871,0.21449299930549948
Long-Only,0.16202482606497326,0.27321341545676053
Long-Only,0.3003635390877692,0.2986754947460174
Long-Only,0.23076270474784855,0.2370164490913128
Long-Only,0.35897229386952845,0.29651003342969595
Long-Only,0.14803137933726446,0.22433707988905047
Long-Only,0.23874748024393935,0.2281831303115323
Long-Only,0.32023675434256077,0.26561573155670115
Long-Only,0.5227886751519326,0.42930435349728163
Long-Only,0.3916463900546411,0.3163357824057647
Long-Only,0.2123435106711275,0.260318042670622
Long-Only,0.43109124081447764,0.35706888252692914
Long-Only,0.4176409716192646,0.33321967998474256
Long-Only,0.4624914418775277,0.37481433938225484
Long-Only,0.280844089396608,0.25013509369771647
Long-Only,0.35402788365506294,0.30099797314742754
Long-Only,0.34361371791766193,0.27848251922131084
Long-Only,0.4302233084852858,0.35546000246139087
Long-Only,0.3335017426085957,0.31217659301407874
Long-Only,0.5412033407833934,0.4669767123101324
Long-Only,0.17350994667679162,0.2309810742102638
Long-Only,0.15469016802887225,0.23853672985249677
Long-Only,0.18140481510832152,0.21085561899720612
Long-Only,0.4096761783814341,0.3406557450345943
Long-Only,0.2752122701819527,0.2357881016214782
Long-Only,0.5139401257300915,0.4520794625780248
Long-Only,0.22976357280922804,0.2410347639754625
Long-Only,0.22814356499203053,0.21873631361442422
Long-Only,0.5169808040333883,0.4215196580465537
Long-Only,0.24528178729776257,0.227928485569587
Long-Only,0.33836954622534604,0.27716531725176485
Long-Only,0.29399075666737057,0.30310638443506166
Long-Only,0.1982733721441558,0.23617029719556074
Long-Only,0.24528863798792977,0.2700755006920063
Long-Only,0.27997250606346574,0.2962402869678044
Long-Only,0.4936974397958147,0.4143871206770379
Long-Only,0.4554467481963196,0.3793271570306055
Long-Only,0.46137684884899915,0.3715638580258209
Long-Only,0.28146280272270163,0.2851790731731041
Long-Only,0.25724434962893733,0.22778656752437865
Long-Only,0.397679035705525,0.3547847734733766
Long-Only,0.3755208406289182,0.3072395177248212
Long-Only,0.1992858551830658,0.23544252934514576
Long-Only,0.48412029358387393,0.426736787665594
Long-Only,0.2623718747955962,0.23151511614999476
Long-Only,0.4442638282026419,0.35598095184154566
Long-Only,0.17358727952055336,0.2319165502960228
Long-Only,0.5931895899691848,0.5073780825910463
Long-Only,0.6395400093673287,0.5485230507873121
Long-Only,0.5414924028705965,0.45097110834292475
Long-Only,0.42610012414210097,0.3553798359301887
Long-Only,0.3227796254685259,0.27264616596159663
Long-Only,0.22239305157526484,0.21741636256275643
Long-Only,0.47743748068786174,0.3882242940144166
Long-Only,0.24738258094662652,0.22510756917855018
Long-Only,0.22029364125050155,0.2174674006159556
Long-Only,0.5721994282881002,0.49200545725159117
Long-Only,0.6956638199828244,0.6160752164158806
Long-Only,0.3398216955542014,0.3038988544778226
Long-Only,0.7422571470784705,0.6587026120194305
Long-Only,0.4044827428904518,0.33011552327855936
Long-Only,0.5900592264330571,0.499839269519681
Long-Only,0.6012328935790016,0.5237710285391226
Long-Only,0.37893488611960663,0.32134287074291723
Long-Only,0.23034999823821461,0.2236372912947714
Long-Only,0.19974128114725898,0.24670207574698405
Long-Only,0.18180112595401263,0.21627906717375392
Long-Only,0.3582466681322577,0.32168223794389433
Long-Only,0.3050225329035361,0.2905453801294987
Long-Only,0.47866513629455076,0.4084560222814773
Long-Only,0.18365888116403803,0.23986360741311843
Long-Only,0.3276784950565226,0.26706879620481977
Long-Only,0.5041967284130374,0.44364225673296603
Long-Only,0.2043498903338937,0.26478666084840313
Long-Only,0.6277214737469071,0.5524762062577055
Long-Only,0.37022559826070417,0.3209066410381857
Long-Only,0.4320192722009514,0.37901519170396025
Long-Only,0.17677596509432886,0.22641700184820346
Long-Only,0.1732177151943935,0.20955260502821585
Long-Only,0.3036613759676089,0.2966161008786084
Long-Only,0.20095565344793564,0.22676188128502744
Long-Only,0.42224184842745693,0.34441351073562343
Long-Only,0.5034049824352982,0.4370844565082612
Long-Only,0.2394643318586036,0.22438028169286117
Long-Only,0.3048960254518355,0.30831133831711705
Long-Only,0.21467931163468185,0.21497410966467922
Long-Only,0.46679133620268254,0.4150402265275016
Long-Only,0.3798421218491918,0.34276677248151993
Long-Only,0.2633076057885018,0.2314706138913986
Long-Only,0.5625874477454478,0.4767751930387416
Long-Only,0.25958117274041503,0.2643786111399488
Long-Only,0.48582401946382475,0.4087373302855933
Long-Only,0.4289294951861734,0.3583900341839956
Long-Only,0.37594138934548316,0.30414563935087136
Long-Only,0.6291328527056759,0.5474770685064428
Long-Only,0.14457091707350975,0.23295960469498972
Long-Only,0.4024897377839524,0.3352906549936381
Long-Only,0.21152742578982822,0.21551419952798
Long-Only,0.25858428053751537,0.22823785787566014
Long-Only,0.18108807269854185,0.21036143503350355
Long-Only,0.14721325628360546,0.24343282357122503
Long-Only,0.2815495256543754,0.24103668328557978
Long-Only,0.261788828364372,0.23476962421038486
Long-Only,0.6177896911946001,0.5232349721880571
Long-Only,0.1992198764475289,0.22839160662665195
Long-Only,0.2665704269317299,0.2319903978290098
Long-Only,0.3382756481667817,0.27359348377722
Long-Only,0.24955378292388075,0.22465791875241928
Long-Only,0.7028688156604496,0.6151270492420189
Long-Only,0.615666202166706,0.5385361126749348
Long-Only,0.43463645708235404,0.3744314276258406
Long-Only,0.5561571980452679,0.46035872896155505
Long-Only,0.15198266331660693,0.21085153493972034
Long-Only,0.6398744288414131,0.5631520355929688
Long-Only,0.24625919583614383,0.279659169202378
Long-Only,0.25031772200358116,0.2248986728301122
Long-Only,0.21646891650577044,0.21524499694000648
Long-Only,0.3568490067195812,0.3297870520136763
Long-Only,0.5137071822950721,0.43684569941866347
Long-Only,0.21269405361680477,0.21623896233906462
Long-Only,0.2768733117801114,0.243173853193984
Long-Only,0.19683639247395746,0.21848569083109218
Long-Only,0.32009096665707926,0.2609943667198022
Long-Only,0.5271762870217866,0.459075119917915
Long-Only,0.5072165351520436,0.41313467151546507
Long-Only,0.34621690087177126,0.27817982416283743
Long-Only,0.20379648009446627,0.24129646395840634
Long-Only,0.1786759344465066,0.21380924957567032
Long-Only,0.16997563814762567,0.26353461883961743
Long-Only,0.531038884605162,0.4607584306821981
Long-Only,0.49465490071764645,0.4036422456859968
Long-Only,0.6222394955245958,0.530551629261424
Long-Only,0.3358949251734585,0.27385228509066006
Long-Only,0.555638974617165,0.47879159260711646
Long-Only,0.5963715463902262,0.5113641278799886
Long-Only,0.38115817289728837,0.3167310952920456
Long-Only,0.5619740685593893,0.48174545927610196
Long-Only,0.3931631547542767,0.3213284240959769
Long-Only,0.2931650639245479,0.29349053667984165
Long-Only,0.479585811289241,0.3928273843419575
Long-Only,0.42978683669734685,0.3440783960320404
Long-Only,0.22051421146497313,0.21550862592586043
Long-Only,0.15068590777930485,0.25117683314246936
Long-Only,0.2923587716849734,0.24478175043618336
Long-Only,0.29181364361820383,0.24645539027068974
Long-Only,0.44690212065345963,0.35920998220294315
Long-Only,0.49245151215190897,0.40019902834143156
Long-Only,0.22944294587807817,0.21840095615023453
Long-Only,0.3465701363189823,0.28027815683715995
Long-Only,0.30447115609726483,0.2641514164746705
Long-Only,0.5928195064928867,0.5042572629500166
Long-Only,0.27936485330324007,0.23815822386429195
Long-Only,0.3301204339456196,0.26743306310195963
Long-Only,0.49536556635660484,0.410752712370954
Long-Only,0.5360282466911072,0.4539973898961591
Long-Only,0.3121169320560727,0.2904571793316451
Long-Only,0.49475031411894543,0.4278092113350667
Long-Only,0.13074531182911278,0.24766179648557063
Long-Only,0.18780344874171262,0.23808034180053905
Long-Only,0.45992597056901735,0.38173717013101593
Long-Only,0.22843198571912848,0.23328008662823965
Long-Only,0.17873646654220451,0.24806193167514215
Long-Only,0.25237350850119417,0.23737160291555368
Long-Only,0.42086508794156513,0.33670241602401557
Long-Only,0.13283685915263163,0.27050861588691727
Long-Only,0.467676969985308,0.3930125731259523
Long-Only,0.16803612346388314,0.21242966813377792
Long-Only,0.16976119091983538,0.24749741309245926
Long-Only,0.17881148862518323,0.21481890736903206
Long-Only,0.11122440257224996,0.2525523483877359
Long-Only,0.6553583219881228,0.5621797944993341
Long-Only,0.22903102755670085,0.21907142926172463
Long-Only,0.7553296418429823,0.6699484950592467
Long-Only,0.12786336312004726,0.21876128593776184
Long-Only,0.10970166419394037,0.25449110025431565
Long-Only,0.49474310854939163,0.40106396972577185
Long-Only,0.6122924337202802,0.5345793901559919
Long-Only,0.22420114390053797,0.26097594594470575
Long-Only,0.1929066866967314,0.23043880360794763
Long-Only,0.4357291864832524,0.35358458168362716
Long-Only,0.19624492645838582,0.2538184251334174
Long-Only,0.7546051359535906,0.6705111276186707
Long-Only,0.5488953886090818,0.48018922073322656
Long-Only,0.32558569189329795,0.26691866140460774
Long-Only,0.5196819474842641,0.44974207228903706
Long-Only,0.3240663414478722,0.2822966277397036
Long-Only,0.7084628354282339,0.6206506327291986
Long-Only,0.2984144044501351,0.2479743469156361
Long-Only,0.1595325000538374,0.21110051337914157
Long-Only,0.3223511612686463,0.2650306439089951
Long-Only,0.23878460744200444,0.27447766484535896
Long-Only,0.6667503121875752,0.5724921803167989
Long-Only,0.49316542802510344,0.41603249317103086
Long-Only,0.4531305367776579,0.37032818586596067
Long-Only,0.23494527573945867,0.22365784148728668
Long-Only,0.24292863963764505,0.24069848490482282
Long-Only,0.2623336671298424,0.24653499726601807
Long-Only,0.6192106845915979,0.5349084558296203
Long-Only,0.31061993312903047,0.26776596349609433
Long-Only,0.2508840176556273,0.2359940177657296
Long-Only,0.17468545136084634,0.25600425483935113
Long-Only,0.6166419717084393,0.536892464911423
Long-Only,0.34839183809082686,0.28031715663059736
Long-Only,0.3665564102411707,0.32875836469750286
Long-Only,0.30981478894831327,0.25473518295813774
Long-Only,0.27412679731505657,0.24686762092108452
Long-Only,0.7432448199675941,0.6569560030265997
Long-Only,0.24047708878358667,0.22138699882310434
Long-Only,0.24619127854125303,0.2233851434061029
Long-Only,0.3211944527853614,0.27097062276571127
Long-Only,0.6089099001703159,0.528235423109364
Long-Only,0.1583649201994744,0.21200844706862998
Long-Only,0.2840461815638888,0.2559337813668023
Long-Only,0.41456044410920523,0.3718158978269045
Long-Only,0.20206721812003187,0.21878030352306677
Long-Only,0.25836916239815877,0.22894483361132528
Long-Only,0.2602214624742607,0.2789820706827477
Long-Only,0.439261653352291,0.3796235160627731
Long-Only,0.29227532881492196,0.29072125369574187
Long-Only,0.19193313403802537,0.21051091746756354
Long-Only,0.37721796762876064,0.3179710440266048
Long-Only,0.5005341965922709,0.41042967997285607
Long-Only,0.29935135508428196,0.2951607541178183
Long-Only,0.4111920593877315,0.35065779255135815
Long-Only,0.1465536790548877,0.2225248605716486
Long-Only,0.5027763525040558,0.40933619184963294
Long-Only,0.2627816806627287,0.25498295158909157
Long-Only,0.15014729932077842,0.22267040281303543
Long-Only,0.25287588031230696,0.23508538878056112
Long-Only,0.24146886003947504,0.23788597983750118
Long-Only,0.1882885386788084,0.22482903517739802
Long-Only,0.6036595320282235,0.5092445079641663
Long-Only,0.15192684509949214,0.24072890614849787
Long-Only,0.24427907197172255,0.2648957833580733
Long-Only,0.22190673496357785,0.2431634962957899
Long-Only,0.22850411027973236,0.21794693626881056
Long-Only,0.4100917495717777,0.35224319042247726
Long-Only,0.4117246541243313,0.3320613134923801
Long-Only,0.49029980125126177,0.39944442823727294
Long-Only,0.7320937652446148,0.6492259720151348
Long-Only,0.541343442385439,0.4546684744562607
Long-Only,0.23606534220466863,0.23178102729350503
Long-Only,0.7520461914066754,0.6664442452438312
Long-Only,0.14211632596439763,0.2195368142219475
Long-Only,0.4018484883686302,0.319680042075852
Long-Only,0.27688788426470484,0.24377328095322823
Long-Only,0.5695509044788897,0.49718555830733857
Long-Only,0.12865301017391434,0.22151056866828528
Long-Only,0.14161715562333446,0.2143491558016977
Long-Only,0.1782056380141217,0.20951437280431429
Long-Only,0.49195252449175103,0.3994505091197958
Long-Only,0.5029540062347766,0.42139252432418245
Long-Only,0.444001671028321,0.3571191613538773
Long-Only,0.6131336674212857,0.5220235718266548
Long-Only,0.24494158665998386,0.27702220363303237
Long-Only,0.1669102571578277,0.21388004896958204
Long-Only,0.3113367968149973,0.26266314713451916
Long-Only,0.32914663607308237,0.2974868767949517
Long-Only,0.17045450554899738,0.2475938974884892
Long-Only,0.5280224920419653,0.44027310543654197
Long-Only,0.2830302110508449,0.24622786677072958
Long-Only,0.29306759827313617,0.2944326947933003
Long-Only,0.5262710566339781,0.431609929073
Long-Short,0.6553443094571366,0.623215624062714
Long-Short,0.3062573567913044,0.2546745492262674
Long-Short,0.35968727365920006,0.3180751663043655
Long-Short,0.00789964433214485,0.27710802661519535
Long-Short,-0.044460397874855895,0.32815237289590177
Long-Short,-0.057358409206649696,0.3195959135509818
Long-Short,-0.05974411424516465,0.3398785274911675
Long-Short,0.312863297987116,0.25771357239088316
Long-Short,0.2515914324330953,0.23385669631310174
Long-Short,0.2972104167090483,0.24950759677310216
Long-Short,0.5162133352813563,0.4179042092121632
Long-Short,0.1045469027155923,0.2283540278754601
Long-Short,0.34227314431721967,0.27551328274578846
Long-Short,0.6376854028460996,0.5622308452081832
Long-Short,0.4929200973019959,0.4058054032667742
Long-Short,0.6618523939558727,0.555222006624369
Long-Short,0.6883630070084168,0.6133820716293619
Long-Short,0.4754500400029004,0.4024573423943412
Long-Short,-0.04297741734065716,0.3135781444510877
Long-Short,0.15625295656375518,0.21452050291939295
Long-Short,0.30652424453413707,0.25291420573638046
Long-Short,0.5206007793258763,0.42179051994147687
Long-Short,0.2454410995865518,0.2434271678098835
Long-Short,0.7917470182825773,0.6848088566705235
Long-Short,0.606894961063323,0.5060578297996696
Long-Short,0.31048504772224916,0.2550119055010965
Long-Short,0.5781318267912477,0.4812012190743024
Long-Short,0.3889174091250158,0.33664855301371344
Long-Short,0.15889754094398123,0.2121698963883123
Long-Short,0.29350155044771675,0.24524370022183162
Long-Short,0.06998751258755345,0.2482464418710975
Long-Short,0.30954499865260143,0.2678311636165151
Long-Short,-0.04977916144304795,0.3865586104748146
Long-Short,0.42911632547922046,0.35343134932669534
Long-Short,0.24761583444713223,0.23560766081298903
Long-Short,0.16955839603020376,0.3485574292071817
Long-Short,-0.0067499614636835625,0.2942503964263549
Long-Short,0.18324081053902996,0.22257505119035562
Long-Short,0.5233712842667227,0.5265689427908726
Long-Short,0.15862434093381797,0.22348680998020154
Long-Short,-0.12506415317159625,0.3760234155701881
Long-Short,0.3852861949915456,0.30843517916693386
Long-Short,0.8713186294541737,0.7883353355227162
Long-Short,0.24499384838243662,0.32183888664381544
Long-Short,0.009228288592421724,0.2835285013519807
Long-Short,0.8452591843511901,0.7689217695028606
Long-Short,0.1856341080889597,0.2210576931853894
Long-Short,0.16776047376009554,0.21088401047199554
Long-Short,0.4715329013998455,0.40796290387692125
Long-Short,0.28937439725035147,0.24342545076661184
Long-Short,0.07544366500693023,0.2483361209977274
Long-Short,0.22180979366521625,0.24102538245374108
Long-Short,0.03361947485565808,0.25392415335939467
Long-Short,0.3385721838576501,0.27301751394125595
Long-Short,0.5278217772862751,0.44348100690682685
Long-Short,0.6852154545311417,0.5939150168834643
Long-Short,0.021805836918291424,0.26758876971402173
Long-Short,0.34188574432884644,0.32109381925275565
Long-Short,0.32226398450674865,0.2734102349114734
Long-Short,0.42300355794041833,0.34464399333544893
Long-Short,-0.18028194783200407,0.42436476827160297
Long-Short,0.4107432793779452,0.3449052935267635
Long-Short,0.6055654078626361,0.5289516334878321
Long-Short,0.4199455315559606,0.34747303192189327
Long-Short,0.20661774576547803,0.21250856029151052
Long-Short,0.3040209572754206,0.2511858095690558
Long-Short,0.5468300580486113,0.4544423328536178
Long-Short,0.6493728220133667,0.552220355728805
Long-Short,0.5670494908625121,0.5087224487291492
Long-Short,0.19859407517727212,0.21100044116747688
Long-Short,0.10278543330190205,0.22098899988825504
Long-Short,0.7476232875489713,0.650981629005613
Long-Short,0.5369190656892109,0.44754061967963055
Long-Short,0.32935033828570653,0.3187251096727747
Long-Short,0.8234066108721049,0.7322313608263006
Long-Short,0.6879752179019436,0.5890606664150062
Long-Short,0.13681205431336546,0.21725534224855478
Long-Short,0.23490646077898283,0.22198949850904248
Long-Short,0.5837540053488594,0.5325929159020979
Long-Short,0.514069241266071,0.41697790797554996
Long-Short,0.3873184518959108,0.3091826756609729
Long-Short,0.5212660274028103,0.4437965607179048
Long-Short,0.41015559519109834,0.3287532010490199
Long-Short,0.2997792567394718,0.3073260850186198
Long-Short,0.09867007766254055,0.24634038369084038
Long-Short,0.4813069216554804,0.3869761142394468
Long-Short,0.5678910967159072,0.5141329659209934
Long-Short,0.7653247225460036,0.7343970448463576
Long-Short,0.4566394132137948,0.3701232016156803
Long-Short,0.1555854940142406,0.22087963720585393
Long-Short,0.018764821483105848,0.2641651489222854
Long-Short,0.3438577370223177,0.28335131885126835
Long-Short,0.08578816894039994,0.27312834717260986
Long-Short,0.5613480326196063,0.4779910572627083
Long-Short,0.7111724818614571,0.6116544362246236
Long-Short,0.08914481660257119,0.3011101423913622
Long-Short,0.019537611272489527,0.27707360589694535
Long-Short,0.3312614444604614,0.3126293710300269
Long-Short,0.6090978645636594,0.5069314334650564
Long-Short,0.31338751772236884,0.26854415524962294
Long-Short,0.525194377312487,0.4796434988568721
Long-Short,0.12785606628442234,0.23966978028019437
Long-Short,0.04303399303227087,0.24894300225864593
Long-Short,0.09592949763205272,0.22852425115688652
Long-Short,0.5853935345678858,0.48645184684559994
Long-Short,0.2297250825212071,0.22263974374462922
Long-Short,0.4662488172814008,0.3897081809347634
Long-Short,-0.09261249054734813,0.35734275031626184
Long-Short,0.09398847206297234,0.22916933177575707
Long-Short,0.621466018912464,0.5307629375508472
Long-Short,0.26936237175434824,0.2617649728532887
Long-Short,-0.018760529838603074,0.29818113445324046
Long-Short,0.49877148940795346,0.4463729473366823
Long-Short,1.0500518856715488,0.9643798984268145
Long-Short,-0.15632600116726808,0.4032350869027373
Long-Short,-0.026321679356261923,0.3056675015111288
Long-Short,0.4000538151277785,0.33630339473727044
Long-Short,0.5262777342726823,0.43880221699116906
Long-Short,-0.05946074719160624,0.3205192749807962
Long-Short,0.654894345151729,0.6110219668001948
Long-Short,0.32896372676104224,0.26677411616131874
Long-Short,0.3718334834557352,0.29752688949095674
Long-Short,0.52667026204783,0.4275339709778238
Long-Short,0.32386616898023735,0.2712531588403619
Long-Short,0.5459841711653279,0.48681579800487296
Long-Short,0.14808562787450646,0.24665040753511436
Long-Short,0.26992206039713057,0.23326828917916634
Long-Short,0.4181199471271065,0.39618627559156866
Long-Short,0.2836069892368582,0.2403606397398336
Long-Short,0.21810388795224275,0.22723063557183554
Long-Short,0.42670724225447415,0.34643027887282307
Long-Short,-0.09383086331008475,0.35113296314265713
Long-Short,0.3065989674176306,0.2540117834279863
Long-Short,0.6254321783223152,0.5438799121565244
Long-Short,0.13176641045651655,0.21341445239915957
Long-Short,0.5079515138394138,0.4214813940139137
Long-Short,0.18061422010899067,0.21714881948609535
Long-Short,0.27924302731410405,0.2419955466579261
Long-Short,0.1912065802504192,0.2181101437841791
Long-Short,-0.04160705871274531,0.33444174266145665
Long-Short,0.3786046001614061,0.3039725328859443
Long-Short,0.9973592414812195,0.9340875619550275
Long-Short,0.8375026375987272,0.7410455159107516
Long-Short,0.23473085643447594,0.23901434572226743
Long-Short,0.5783836319989837,0.5648139181239954
Long-Short,0.7641438643566998,0.657084442927082
Long-Short,0.1425722461830744,0.2664961292802257
Long-Short,0.09945169167349521,0.22312356735720726
Long-Short,-0.03373084766068654,0.33005543964805695
Long-Short,0.21620192711848962,0.25805052876304635
Long-Short,0.5724522351789333,0.47960792483582126
Long-Short,0.14556796328158295,0.21526026645066007
Long-Short,0.5052696788774937,0.41656923124695255
Long-Short,0.9172609576113755,0.8170075565127914
Long-Short,0.9189490779492161,0.8726172720329914
Long-Short,1.1041849572354498,1.0385054198882029
Long-Short,0.023388771105493977,0.2636989709267749
Long-Short,0.4521387789133535,0.382731196727348
Long-Short,0.47783788236118374,0.39657197269298267
Long-Short,0.6000179454461558,0.5376166091883486
Long-Short,0.8017758955636622,0.7443829155196999
Long-Short,0.23974779281209507,0.22110911317145535
Long-Short,0.5410636542571605,0.5074486456597349
Long-Short,0.23328407214395902,0.23530760531632638
Long-Short,0.8364607628539619,0.7483172387991341
Long-Short,0.6497027254950895,0.5921472512590172
Long-Short,0.42207071385437056,0.33597564611157815
Long-Short,1.0062717767537346,0.9098985213892824
Long-Short,0.3624159051232115,0.4296062393701766
Long-Short,0.2614627158649043,0.22953749922757663
Long-Short,0.3007946381704992,0.27089234378114874
Long-Short,0.4850427528111836,0.40712852740608985
Long-Short,0.6295694255356138,0.5527981282748836
Long-Short,0.11342196563824743,0.22903197678460296
Long-Short,0.28068529492096245,0.24028277532085904
Long-Short,0.45880414557258886,0.4333950306821007
Long-Short,0.026582065985622905,0.2618934889961898
Long-Short,0.7742733967013379,0.6682240948199935
Long-Short,-0.029077873407568816,0.31441214206500406
Long-Short,0.23151925604252224,0.22219601939040148
Long-Short,0.22904309877981166,0.2856769064191143
Long-Short,0.20363401408564252,0.29286045487746354
Long-Short,0.03214447753705321,0.2801257988019694
Long-Short,0.2632420126774927,0.3037220277772162
Long-Short,0.6436029760493388,0.5591630095269458
Long-Short,0.3280011585947268,0.2677053078598723
Long-Short,0.282871134528715,0.260589167032773
Long-Short,0.5040460392215772,0.40712572469936775
Long-Short,0.5260604201902808,0.5020712868847895
Long-Short,1.0210375465750583,0.9336699897834002
Long-Short,0.6546930361668223,0.5566115690710581
Long-Short,0.6291341087628135,0.5330978604442623
Long-Short,0.12587477321880514,0.31403964383650484
Long-Short,0.3851079920034133,0.3844788450135517
Long-Short,0.07001197136795499,0.23455304107833883
Long-Short,0.17529186209872832,0.20954750932708277
Long-Short,0.20300140050273097,0.21166450548801694
Long-Short,0.37957688884357865,0.35437568706893124
Long-Short,0.20905419558315386,0.32022111369828227
Long-Short,0.3345537434883108,0.2745527338395497
Long-Short,0.8587874023726636,0.7627298427674631
Long-Short,0.15436547957180183,0.22225740426846183
Long-Short,0.5784988233207221,0.4960799717816519
Long-Short,0.18713946219990782,0.21406351997742518
Long-Short,0.7360604702090949,0.6297278347508692
Long-Short,0.08103950254108529,0.23011723643823703
Long-Short,0.7766887714477573,0.7082882689011921
Long-Short,0.20417828366409996,0.2135833076363967
Long-Short,0.910845058922693,0.8709024932228907
Long-Short,0.6487571428537201,0.5544790946911375
Long-Short,0.7511344651928029,0.6843202596208302
Long-Short,0.18639189976497952,0.24661619192136439
Long-Short,0.7575987767329082,0.7055585867357198
Long-Short,0.06097911391530304,0.2916973709701612
Long-Short,0.09508545221367125,0.25475575962837443
Long-Short,0.20847174298176424,0.25296565234618185
Long-Short,0.38029178259043983,0.3058103669988324
Long-Short,0.2612202074066707,0.28485923285714815
Long-Short,0.9766289608521281,0.8810547181251785
Long-Short,0.0833911846435357,0.2333717739174404
Long-Short,0.2541520449738709,0.2372315926154989
Long-Short,-0.17937287676362434,0.42262671841608446
Long-Short,0.24754323403386438,0.22790894912931806
Long-Short,-0.13245288324177532,0.46230042642928815
Long-Short,0.8172420818884132,0.7742569514074598
Long-Short,0.26957052372932355,0.28691848201755027
Long-Short,0.5637701701189681,0.5602927941826351
Long-Short,0.3404412460863085,0.36608142890332673
Long-Short,0.7611782686571756,0.6574078657076794
Long-Short,0.2659141871681886,0.2776689877451066
Long-Short,0.5554487762901889,0.4824850803975152
Long-Short,0.38732702535765184,0.3083475995684611
Long-Short,0.12090852801011584,0.22466511476197923
Long-Short,-0.04355099100102172,0.3448714046578592
Long-Short,0.2584342005278367,0.23346276998564597
Long-Short,0.3393817538256541,0.3036067860731006
Long-Short,0.38366605161988654,0.30569267234432884
Long-Short,0.4976666758418026,0.466374847917409
Long-Short,0.5176426488620635,0.4307783562893441
Long-Short,0.41534852291611524,0.3327674124154955
Long-Short,0.6615968394104874,0.596640925544375
Long-Short,0.0895887549722828,0.23066818539666029
Long-Short,-0.018720766285482443,0.28975408257801744
Long-Short,0.3805594941742604,0.36685684420272907
Long-Short,0.08350784266067543,0.22827054856887893
Long-Short,0.07923772006297658,0.2301724442602141
Long-Short,-0.09515299300379346,0.3718404550249888
Long-Short,-0.08154159740541553,0.33909251193808776
Long-Short,0.27623821102149027,0.23895765469104283
Long-Short,0.1706670470446266,0.2264845419676368
Long-Short,0.56741847069332,0.48381491674939986
Long-Short,0.3352292725608329,0.2958266945970647
Long-Short,-0.09343433391815467,0.41296489791159013
Long-Short,0.4993784450464248,0.40866467138882234
Long-Short,0.6940360483039261,0.5895002149453318
Long-Short,0.38831513984446564,0.3243005831329694
Long-Short,0.20187876122650789,0.34319800692749586
Long-Short,0.26475137161482754,0.23208048200538778
Long-Short,0.3235371938183513,0.26309925768543213
Long-Short,0.46753437307998996,0.3929785130144679
Long-Short,0.2987026804456746,0.26719426640861726
Long-Short,0.38975422633289375,0.4126429205867982
Long-Short,0.04608791620615599,0.2484036704386922
Long-Short,0.31369645435846516,0.2752187520028408
Long-Short,0.2644300105400053,0.28215464967214615
Long-Short,0.41486832967600745,0.42897218279312177
Long-Short,0.49706235124186376,0.4279894506929646
Long-Short,0.37649969587479293,0.3994310305064723
Long-Short,0.15735397611298735,0.2919918689913215
Long-Short,0.5736661152751172,0.5175470508448107
Long-Short,-0.09344351831709621,0.34737894018326343
Long-Short,0.0259816404295935,0.26402036218622676
Long-Short,0.1580994389601574,0.3068022319871939
Long-Short,0.877917972066776,0.8116049296629653
Long-Short,0.03537711194481233,0.2664236606919632
Long-Short,0.35976251753937216,0.29261133672688644
Long-Short,0.25434678134513744,0.263478786038002
Long-Short,0.3880182571000333,0.36981385437349673
Long-Short,1.1405548302341624,1.081445302961445
Long-Short,0.018761166934212647,0.28508282299345594
Long-Short,0.44802713951720086,0.36670614300547427
Long-Short,-0.11350248367161772,0.38429109314347776
Long-Short,0.4256881638618409,0.3624868462163839
Long-Short,0.48154317786092293,0.4259897577330719
Long-Short,0.48539177211971224,0.3926191556583366
Long-Short,0.3737972277883209,0.3023747548695602
Long-Short,0.34971017282216327,0.28588103248366675
Long-Short,0.8561215942387689,0.7500932844003267
Long-Short,0.1419432794660625,0.23644204334668545
Long-Short,0.34236660608364156,0.275825476809312
Long-Short,-0.13260160890050093,0.3872891502947833
Long-Short,0.03594599699099636,0.2525879777323959
Long-Short,0.45520339712861263,0.4472374635368974
Long-Short,0.18778942552266198,0.21603275662787197
Long-Short,0.36767282340664253,0.29446807566774896
Long-Short,0.49462361600024213,0.43067798445150457
Long-Short,0.09429293311007658,0.26293843704040964
Long-Short,0.17021679647805427,0.3265866424853138
Long-Short,0.42983057867678187,0.38451959766526195
Long-Short,0.5054281652641449,0.4285220765777899
Long-Short,0.5602691380828039,0.49523421280159385
Long-Short,0.320498874189131,0.2758859757133543
Long-Short,0.675906850303804,0.5816817994051783
Long-Short,0.7257199662731131,0.6551632180236663
Long-Short,0.4353398103679761,0.3616579925191473
Long-Short,0.7098411170451335,0.6465349202948639
Long-Short,0.46811515617734867,0.5015102279346697
Long-Short,1.0997559781268051,1.0136260700090598
Long-Short,0.5390248113684103,0.47655582176943173
Long-Short,0.08433283464302888,0.23642380586792996
Long-Short,0.4234458605118721,0.3388442808989531
Long-Short,0.26315092473297724,0.3112094052095826
Long-Short,0.17264038635557225,0.21253097031421148
Long-Short,0.2276463424684697,0.21860377929513605
Long-Short,0.8901622624056541,0.7955760829082564
Long-Short,0.5397523548731861,0.43952006391018533
Long-Short,0.08549921900309759,0.23271179203367928
Long-Short,0.1939000817831678,0.22834978362406505
Long-Short,-0.15537607048542568,0.403277791977281
Long-Short,0.3991711444429813,0.40635835276612403
Long-Short,0.36881143934397076,0.4051375275588733
Long-Short,0.7769235345599842,0.7099415496703877
Long-Short,0.6156566971238803,0.5285253096994001
Long-Short,1.1316712708959673,1.0719966349512797
Long-Short,0.4840585834897694,0.39188861870702485
Long-Short,0.5950118841410199,0.494378428772045
Long-Short,-0.016562384634479538,0.3276318905614101
Long-Short,0.5694100910564487,0.47457405365144684
Long-Short,0.16979552118171676,0.21140455467947367
Long-Short,0.5230972634123539,0.4319435713007952
Long-Short,0.1535406541005887,0.21032549341272622
Long-Short,0.11550129096971022,0.3067879305377426
Long-Short,0.9058615525164571,0.8345243710045674
Long-Short,0.43826371202259257,0.35796508289490053
Long-Short,0.7428832427207108,0.6347192428972033
Long-Short,0.5366937689926772,0.46526644666615863
Long-Short,0.4090794189921009,0.32542297414656074
Long-Short,-0.18592048543763806,0.4297169342028226
Long-Short,0.2295244757452064,0.22367895386069908
Long-Short,-0.1914727181692688,0.44201266374265863
Long-Short,0.44002730537562207,0.419189452430306
Long-Short,0.4945630096718386,0.4033910841073593
Long-Short,-0.008906586958052992,0.37648045377022904
Long-Short,0.5677402212852696,0.5229899466779007
Long-Short,0.18959822635194593,0.2113565970544799
Long-Short,0.25555464242886905,0.22703178047044287
Long-Short,-0.1108321001620099,0.36220391438036226
Long-Short,0.21320099881926,0.3799810710245311
Long-Short,0.49510728720985897,0.4058372589512769
Long-Short,0.23578276502856932,0.2202592670558673
Long-Short,0.5704568212503923,0.48980372962693997
Long-Short,0.2327108245161642,0.22218511295046522
Long-Short,-0.1513165876237892,0.41879281118708656
Long-Short,0.4732688936995697,0.405480837534248
Long-Short,0.5520399114541719,0.5023455665261249
Long-Short,0.31300181605002714,0.2718685381642258
Long-Short,0.2528500568238342,0.2776804230652429
Long-Short,-0.12757644552053504,0.37784884037121397
Long-Short,0.6656001653069149,0.6110269599194569
Long-Short,0.13092507088821226,0.3095015458624342
Long-Short,0.4545712967250625,0.42088284017152594
Long-Short,-0.0827202443612522,0.3520618256330776
Long-Short,0.58769135361379,0.5016116951631946
Long-Short,0.3696577684643096,0.29770681235769775
Long-Short,0.05124210191131996,0.2524806681312957
Long-Short,0.5575151141676686,0.4831315702138906
Long-Short,0.577645167698895,0.4903634505620687
Long-Short,0.4648077796677247,0.4475639593729597
Long-Short,0.4106261898724753,0.39137189312878634
Long-Short,-0.17978787454733797,0.4242343834647087
Long-Short,0.6684281442339919,0.5715430574332054
Long-Short,0.1326118733885641,0.24556574934758205
Long-Short,0.285121699625897,0.27963422818275635
Long-Short,0.7302103561428418,0.6459093090092269
Long-Short,0.9953416705126571,0.9148179992739254
Long-Short,0.12712342582656094,0.2172224279839884
Long-Short,0.3629609272486836,0.3163857935582612
Long-Short,-0.0980351476153852,0.4066921289177023
Long-Short,0.35136697055452365,0.2821198349294698
Long-Short,0.49922369506145176,0.42934356323544587
Long-Short,0.11220198133616842,0.31024217236157153
Long-Short,0.33330351938150465,0.3340862057784894
Long-Short,0.6911912446469614,0.5935700832775557
Long-Short,0.19982589523100572,0.2408664142517091
Long-Short,0.5511689006821121,0.4581090186188671
Long-Short,0.5299147292799838,0.4354101618267148
Long-Short,0.32861786083310546,0.2772213716492147
Long-Short,-0.11154340240844104,0.3742320181332706
Long-Short,0.011228731812119086,0.30077699075443803
Long-Short,0.40576274682805774,0.3329963827038501
Long-Short,0.2762747374280167,0.3926801244337481
Long-Short,0.13263928705861808,0.21300745678173552
Long-Short,0.09692555182744486,0.2579804254496524
Long-Short,0.6030477175601673,0.5415957390820813
Long-Short,0.8905338606676436,0.8026207949076576
Long-Short,-0.008278134482714944,0.283694694457616
Long-Short,0.37309555425634383,0.3263938437476524
Long-Short,0.1001786779593791,0.2732441790268894
Long-Short,0.7040719686692947,0.6445788010478225
Long-Short,0.813308472383649,0.7104534254194589
Long-Short,0.29949674936610426,0.2773791847612523
Long-Short,0.10012174697144681,0.2242969295410965
Long-Short,0.2483316343322559,0.24771136121502033
Long-Short,0.3981026223442377,0.3305784713823207
Long-Short,0.6307995751797735,0.525913865664359
Long-Short,-0.15359797479983717,0.4033805423761318
Long-Short,0.49628683253810935,0.4111278194837965
Long-Short,0.3748766182179689,0.33737318068624
Long-Short,0.12074353759147982,0.21559582187364557
Long-Short,0.49228798233057286,0.40616845463480367
Long-Short,0.334154822208257,0.2705937094667848
Long-Short,0.3402575339923045,0.30169015764893004
Long-Short,-0.17787020096036388,0.43712435754002243
Long-Short,0.6081312369333475,0.5856614457653728
Long-Short,0.27449774900308876,0.24593051212653413
Long-Short,0.4652482874023379,0.3931559097545392
Long-Short,0.717659310434272,0.6109029805114593
Long-Short,0.4663689321012464,0.37678699530643917
Long-Short,0.14402644028755196,0.30541472459646024
Long-Short,0.23321422264730327,0.22648113838374204
Long-Short,0.654508536297365,0.5984086537341632
Long-Short,0.43250324577017246,0.34617992006609033
Long-Short,0.4644724251757893,0.4355566962626163
Long-Short,0.21138237557704787,0.21912324001935815
Long-Short,0.4185349197119753,0.3496369925608664
Long-Short,-0.21722391326197676,0.45863752203557273
Long-Short,0.27060552453389575,0.23601912045698892
Long-Short,0.20212151529187639,0.24028286923172876
Long-Short,-0.2205992528178263,0.4959802234427383
Long-Short,0.5918753098769219,0.5115091223202312
Long-Short,0.192138852153362,0.2102039786267301
Long-Short,0.4765032444099272,0.3916317153957391
Long-Short,0.51339600508279,0.4450619241891615
Long-Short,0.5372677493852533,0.4723863766660323
Long-Short,0.422070292021159,0.3508591347239519
Long-Short,0.3611586054984024,0.3062534254770077
Long-Short,0.33438495469738067,0.3017090748785636
Long-Short,0.25463108703830895,0.25298621857440745
Long-Short,0.30958586377010294,0.25994512706931666
Long-Short,0.9889863239632358,0.8970489646472303
Long-Short,0.4882998853102341,0.4164963064786223
Long-Short,0.4650434424832049,0.3724572313133148
Long-Short,0.9275138614378519,0.8347734330681039
Long-Short,0.05094136679459643,0.321088179455673
Long-Short,0.13398262886542261,0.24625468050584337
Long-Short,-0.17000922696809062,0.49720805012770436
Long-Short,0.28449150367136744,0.2668672725100949
Long-Short,0.33123455567477367,0.31312323414499516
Long-Short,0.1411849729904249,0.2623531108095545
Long-Short,0.42402660533239916,0.3393181963318024
Long-Short,0.2749250139533387,0.25697832036003504
Long-Short,1.015441554125624,0.9354984992922215
Long-Short,0.30735318976808107,0.26263552527404643
Long-Short,0.6416667966194655,0.5521148042989125
Long-Short,-0.06141555123511072,0.33832290102500007
Long-Short,0.5456139569392816,0.4496978344643106
Long-Short,0.4047887567531552,0.32199856646379416
Long-Short,0.5350936250638327,0.44477111385876106
Long-Short,0.6252551318514168,0.5627625476503596
Long-Short,0.3758408571435288,0.2999391155847569
Long-Short,0.36739350514925506,0.3267417788150066
Long-Short,0.5836836647278809,0.4989881533157376
Long-Short,-0.05031028267272944,0.31454276529258013
Long-Short,0.4120778385302119,0.3488697871004179
Long-Short,0.2108808790178433,0.23576714854147526
Long-Short,0.6235989418672068,0.528217900414438
Long-Short,0.1816070928138082,0.2651492742044938
Long-Short,-0.03158881228072352,0.3022494917337516
Long-Short,0.22126921528133897,0.29071873128551207
Long-Short,0.06310126772338309,0.24280371185291744
Long-Short,0.8414333343940842,0.7658546077690276
Long-Short,0.13462350122212496,0.23908095263637977
Long-Short,0.40911710761692366,0.353486110096615
Long-Short,0.13664504138422073,0.21272983095737372
Long-Short,0.7270788481669633,0.6367105427216323
Long-Short,0.7415364442834106,0.6349751972778929
Long-Short,0.10706366509167307,0.22656062492338466
Long-Short,0.19051850151925243,0.21089233170509436
Long-Short,-0.02182147292841466,0.3622301271913289
Long-Short,0.18607440493694688,0.20959769785916096
Long-Short,0.40419819315376165,0.32247954277220553
Long-Short,0.9311352419533546,0.8733359039682443
Long-Short,0.49215670725915506,0.41453895428586
Long-Short,0.06532088331306146,0.2791565550405948
Long-Short,-0.05876388024902304,0.33654882961992255
Long-Short,0.7035776450739127,0.6014337013493314
Long-Short,0.530637089586798,0.4689641552692202
Long-Short,0.24834654915953,0.3301968387832135
Long-Short,0.9809644380818442,0.8923866349195129
Long-Short,0.39204991890408514,0.349871540518375
Long-Short,0.36679041646358923,0.34100655197627006
Long-Short,0.0936887128753319,0.22434826535505045
Long-Short,-0.10132881775835959,0.35554080087718243
Long-Short,0.2661041282878405,0.3037984065504301
Long-Short,0.5603949718366295,0.46241339090293093
Long-Short,0.07987897247757643,0.2831524363748689
Long-Short,0.07499978744060941,0.3129655089777191
Long-Short,0.17982734189146815,0.2102708702526916
Long-Short,-0.048068268506214595,0.32864018891659164
Long-Short,0.5704723180796416,0.513305786713738
Long-Short,0.09184141776962858,0.2759396334225714
Long-Short,0.013451416202344496,0.3025537291355128
Long-Short,0.7437787268678253,0.6476891023755375
Long-Short,0.5786545708287227,0.47632203269736245
Long-Short,0.28818282347213603,0.3801252249831683
Long-Short,0.513552095380483,0.49841683146230875
Long-Short,0.6870750775595919,0.5799402308840601
Long-Short,0.20341835371184358,0.2139944061308886
Long-Short,0.37232141397564517,0.3078547908957004
Long-Short,0.2760737793278269,0.24529482239246891
Long-Short,0.3792238389387888,0.3842864649303814
Long-Short,0.5842844757626245,0.4810780706892572
Long-Short,0.16509289135979144,0.25274595461330207
Long-Short,0.618400672878935,0.5133839766933384
Long-Short,0.4552507832807374,0.4044848333749161
Long-Short,0.1781645461897983,0.23160621841073223
Long-Short,-0.0025714024416560177,0.2919259178525393
Long-Short,0.7643994682467015,0.724507934806504
Long-Short,0.19705407924215385,0.21466156587256988
Long-Short,-0.1258918760031268,0.37729472387015667
Long-Short,0.293163538577973,0.2462583381828945
Long-Short,0.07778337640748825,0.23310554152928364
Long-Short,-0.17366843665795956,0.497049502880618
Long-Short,0.6797766331135354,0.6532180109690867
Long-Short,0.09032332548594041,0.22731916216804218
Long-Short,0.06033475738890601,0.24062495826697747
Long-Short,0.7563043313281276,0.6929661242869487
Long-Short,0.22253818996486918,0.21739679500581327
Long-Short,0.4128069664792745,0.35141039955167536
Long-Short,0.19226296422803973,0.21213928065623555
Long-Short,0.20328313979161367,0.21199567191197205
Long-Short,0.2720275620721012,0.242915585700637
Long-Short,0.20515308723857814,0.22738063217989665
Long-Short,0.5549304056533283,0.4768565671249258
Long-Short,0.9474395794605707,0.9031628588363191
Long-Short,0.7758751808330966,0.7055632801945727
Long-Short,0.6725657250855205,0.5839321299683405
Long-Short,-0.04495867508036025,0.309149170427195
Long-Short,0.7098282474801754,0.6021161912113575
Long-Short,0.24136524653209743,0.2217280183341078
Long-Short,0.6813172003127526,0.5752019243500094
Long-Short,0.37734940738503336,0.3125989403124038
Long-Short,0.04843861646789145,0.2485660332307387
Long-Short,0.15137343821782354,0.31548266341496173
Long-Short,-0.004234391614666155,0.27947804635627077
Long-Short,0.5040321282603623,0.43144001883136157
Long-Short,0.616028924221511,0.5207181238351307
Long-Short,0.4798376233221078,0.4215249948541927
Long-Short,0.20327253083208355,0.2591264135554056
Long-Short,0.38845769170538147,0.34356435609934616
Long-Short,0.9208847372676771,0.8178672477122892
Long-Short,0.022894543861715605,0.28531503611988757
Long-Short,0.22262464350287858,0.23940118611559877
Long-Short,0.08492938749124485,0.24720260291982715
Long-Short,0.5188180138173909,0.4206403911905571
Long-Short,0.7833246704462193,0.6771536658517152
Long-Short,0.45450887223668146,0.3937637692795066
Long-Short,-0.2204634366080896,0.4650033457289877
Long-Short,0.6903841144651777,0.5830273146358732
Long-Short,0.02281243675247127,0.26449809490658766
Long-Short,0.17470610509643567,0.3174505702764566
Long-Short,0.12820040062801197,0.2632451037441925
Long-Short,-0.023525374605824434,0.2921353538915341
Long-Short,0.6998494977146105,0.6044583425647254
Long-Short,0.07197776856594522,0.29405405835601633
Long-Short,0.6985267315030615,0.5911711244579115
Long-Short,0.4762292727920848,0.4680238756314682
Long-Short,0.33835986021057674,0.3481985531966756
Long-Short,0.2432348716694837,0.34380488423075994
Long-Short,-0.01388004934756526,0.28535135789434973
Long-Short,0.45379001107732586,0.3629374910047464
Long-Short,0.34177676729885537,0.3235763826698609
Long-Short,0.33829107734060104,0.2907952773481098
Long-Short,0.22341076490206935,0.36770204152577385
Long-Short,0.3597665175140021,0.28961104634476315
Long-Short,0.40439481192857535,0.36996233485597596
Long-Short,0.49649173579120287,0.3999990718426684
Long-Short,0.8608514156836213,0.7787284224787212
Long-Short,0.936048693447524,0.8351802072858477
Long-Short,0.5046332552065671,0.4512359767768009
Long-Short,0.9537009443113073,0.8527364255378289
Long-Short,-0.13467081578274248,0.38264524593655075
Long-Short,0.38803072865464106,0.3200648324071018
Long-Short,0.22588078133029027,0.2528898529350521
Long-Short,0.20575036596466906,0.2221912670418513
Long-Short,0.06282232774245233,0.24602378435367048
Long-Short,0.46427619875711285,0.37332225548360093
Long-Short,0.6914091692925396,0.661102377841073
Long-Short,0.3116552693872414,0.2571987636246704
Long-Short,-0.014283075419850744,0.32851543603357924
Long-Short,0.02366381261175725,0.3248212334811322
Long-Short,0.4611185558320946,0.3723288254299779
Long-Short,0.44263354527286736,0.36661749804237265
Long-Short,0.011577293493060303,0.2747078015824178
Long-Short,0.3437333434382082,0.28680559067929484
Long-Short,0.22385364652953033,0.2193466970845799
Long-Short,0.5629698229221883,0.48552689945108524
Long-Short,0.6841034614724789,0.6183515745166638
Long-Short,0.5091561139601615,0.4313663036868452
Long-Short,-0.22614698357409788,0.4990227472106553
Long-Short,0.7818535205189631,0.6759480395646651
Long-Short,0.21278975736499806,0.22674874277575321
Long-Short,0.8968929672513519,0.8068090464405326
Long-Short,0.39442074198518706,0.3233717240938895
Long-Short,1.0407473955606,0.9699322382495176
Long-Short,0.2601107164533933,0.31710557776668385
Long-Short,0.7536522547807606,0.647401206769059
Long-Short,0.23653934687648748,0.23922005696391402
Long-Short,0.5338659816647034,0.43481088243645194
Long-Short,0.33434339805155106,0.2813760474991741
Long-Short,0.1861065732765211,0.22588807949880735
Long-Short,0.6844745965919685,0.5857280886930571
Long-Short,0.3148406634317096,0.2828743266171197
Long-Short,0.09945544693079886,0.2275670336457368
Long-Short,0.9830127465817269,0.8918128575916977
Long-Short,0.3905257973983486,0.3116580754246748
Long-Short,0.2890246681293971,0.2617600997224883
Long-Short,0.7342877276119634,0.6375299863188499
Long-Short,0.6284187934403594,0.5233132607009398
Long-Short,0.3932401318008325,0.35604597860250126
Long-Short,0.568854038729747,0.4876541786422169
Long-Short,0.7609371614596613,0.7041869690452129
Long-Short,0.44309964002228863,0.37443240329250815
Long-Short,0.3819864550062024,0.3758516615266442
Long-Short,0.0011461961078598204,0.2756023648855895
Long-Short,0.1731239569195644,0.21272065100255497
Long-Short,0.28151219371513736,0.2459234952353311
Long-Short,0.0040449216425830214,0.2833887644131379
Long-Short,0.18988934591295328,0.3023760514713584
Long-Short,-0.11323790303408193,0.37649440906015297
Long-Short,0.7948701915538235,0.7126984001197074
Long-Short,0.5349694541504153,0.45344416674804855
Long-Short,0.504105583172273,0.5251339036208026
Long-Short,0.6567516385880693,0.5884063583672334
Long-Short,0.07536047708433188,0.2758456504773418
Long-Short,0.3356152975834899,0.27106104022210725
Long-Short,0.11476220030068839,0.21725280469790084
Long-Short,0.17647971713712537,0.2170413593063772
Long-Short,0.423282934078897,0.35655819308766434
Long-Short,0.3361937972916429,0.32781212421800404
Long-Short,0.20198495956543733,0.3043723102718833
Long-Short,0.1551737548822302,0.33183114091419175
Long-Short,0.25323072150258763,0.25489095186420546
Long-Short,0.8098695959785923,0.7137775810254671
Long-Short,0.4299613048236895,0.3830728194025692
Long-Short,-0.07749690490126962,0.3582089207318391
Long-Short,0.5478304951918821,0.46220827414237375
Long-Short,0.08287073282891955,0.2415737653117251
Long-Short,0.059354331804688215,0.2503681221280071
Long-Short,0.520993857532772,0.4599462302932174
Long-Short,-0.04339379864975393,0.37179383167187807
Long-Short,0.6438971900727912,0.5491482260981304
Long-Short,-0.19083748926984043,0.46921593527961125
Long-Short,0.4009158988174626,0.32461754821251054
Long-Short,0.7974126336974919,0.7408367726360763
Long-Short,0.6127411749531156,0.5371876894149864
Long-Short,0.7562493421571733,0.650642847826132
Long-Short,0.8931112173044965,0.8363564467875437
Long-Short,0.34381383822529993,0.3098348469597611
Long-Short,0.18747224790091177,0.21071045842941846
Long-Short,0.2526225303582024,0.22665335518558796
Long-Short,0.13299909126814186,0.21725182390065295
Long-Short,0.3015604227684713,0.2642085221111074
Long-Short,0.8802526698138848,0.7746980580340743
Long-Short,1.050022759544092,0.9551638393026616
Long-Short,0.5050613602692368,0.4184642987966884
Long-Short,0.6215259346132135,0.5163210454711608
Long-Short,0.3903766715623142,0.3106622299298392
Long-Short,0.28895270934255396,0.24312649965880703
Long-Short,-0.021372739137647728,0.3475510333368217
Long-Short,0.37655430024436576,0.3083720728286749
Long-Short,0.5597354247888953,0.49638358125801924
Long-Short,0.4193556954989937,0.3523414478581343
Long-Short,0.2730149486611427,0.2568814980321207
Long-Short,0.6257740761425568,0.5219351907179857
Long-Short,0.4409089709732472,0.4112831049995769
Long-Short,0.41164931156770984,0.34288220902584104
Long-Short,-0.17255282025623045,0.4716163304638872
Long-Short,0.41122299915235205,0.3594756540289436
Long-Short,0.3066773146326232,0.26883112926826136
Long-Short,0.8460023634668228,0.7773730937637405
Long-Short,0.29704405718445936,0.29707537634097714
Long-Short,0.7801034989337179,0.684795313974652
Long-Short,-0.19113882534776616,0.4807337711806551
Long-Short,0.8144332575763346,0.7309097707538841
Long-Short,0.39966713811727167,0.34450595157735614
Long-Short,0.15358838983377993,0.2696453079613468
Long-Short,0.5228115635390735,0.424637438005024
Long-Short,0.4462711235661915,0.41643851424875356
Long-Short,0.5090863157194522,0.4275847971201874
Long-Short,0.5399056490342531,0.5011636721334436
Long-Short,0.3537916421609044,0.2855608118912593
Long-Short,0.4489433440335023,0.3584535159338101
Long-Short,1.0685660760724183,1.0095312365505447
Long-Short,0.6132103167102917,0.5178192906109838
Long-Short,0.6841484533243396,0.5775804903112284
Long-Short,0.39555497159394987,0.31847911643182386
Long-Short,0.5954898784034586,0.5549186589148215
Long-Short,0.4437810608490904,0.3860987985975939
Long-Short,0.6041336848474043,0.5335568326460125
Long-Short,0.1959833883074294,0.23134718178089533
Long-Short,0.5929084796076226,0.48906111165838206
Long-Short,0.6775114382340536,0.6001428341006496
Long-Short,0.4128931691328693,0.35617568753266393
Long-Short,0.06301663278523582,0.2599649404144751
Long-Short,0.2722593374308808,0.23957467755798312
Long-Short,0.6156158923795827,0.514878641497069
Long-Short,-0.1239179757743405,0.401536198300354
Long-Short,0.1419336405473498,0.21123326498081402
Long-Short,0.34592930573151226,0.29726212406285835
Long-Short,0.5009883815432706,0.4193103041435654
Long-Short,0.5443927252140723,0.5340437555923554
Long-Short,0.11392588434762227,0.2242135976579356
Long-Short,0.35347529790619636,0.2847623978461938
Long-Short,0.1810331113119611,0.23742785697532273
Long-Short,0.6627761080003602,0.5864534657145247
Long-Short,-0.0815081732510276,0.35867698620878474
Long-Short,0.26785213829174115,0.23232528089700766
Long-Short,0.33067770740870084,0.2739946692501883
Long-Short,0.5998667520512735,0.5856849529208213
Long-Short,0.4971620352527797,0.4846582593665801
Long-Short,0.4793279435544663,0.3959641794906152
Long-Short,0.5338499839375678,0.438335451475342
Long-Short,0.24728667118303457,0.2302559806232939
Long-Short,0.40144029110462975,0.31950106023739255
Long-Short,0.23867610046233215,0.28206194897866604
Long-Short,0.281963346773527,0.2406468606072529
Long-Short,0.5771147179643756,0.4783023166167214
Long-Short,-0.18987793631786998,0.4361248239050608
Long-Short,0.5900906234734632,0.492928531890313
Long-Short,0.4828525211284751,0.40205217016546607
Long-Short,0.3636813160616966,0.3020279395229657
Long-Short,0.6232518542178214,0.5467435543642879
Long-Short,0.4367983466079936,0.4564009596815564
Long-Short,0.538995711984601,0.4939075512591347
Long-Short,0.7737881134380494,0.7447697312508272
Long-Short,0.26451048940681365,0.23090251047877858
Long-Short,0.7747436077774249,0.6861180733125268
Long-Short,0.1786496905351926,0.2384853644439615
Long-Short,0.11818226156488584,0.2567671097908211
Long-Short,0.37131411196952097,0.32394045950718897
Long-Short,0.38805463988381,0.3192919026023906
Long-Short,0.39406275311219463,0.332646658331851
Long-Short,0.2428034194630811,0.22212685391129125
Long-Short,0.7310467835315958,0.6328595491532213
Long-Short,0.2440880167507407,0.23224638115068952
Long-Short,0.4501826132668795,0.40789846605871183
Long-Short,0.5438966677264426,0.44848201658749465
Long-Short,-0.17475182627485242,0.41881290116070163
Long-Short,0.4828861700052276,0.4242949731818566
Long-Short,0.14015906846666348,0.22369216401160452
Long-Short,0.5445952140351906,0.47006031104837775
Long-Short,0.32610640772809385,0.27575391713567526
Long-Short,-0.012946502316157849,0.34990602501020235
Long-Short,0.2606131834177734,0.2350564908522388
Long-Short,0.6113109616651413,0.5467929264834742
Long-Short,0.15394862128851308,0.22338017558199602
Long-Short,0.3708519101212195,0.3533318461805266
Long-Short,0.383929201096403,0.3072562623086013
Long-Short,0.6563682589208762,0.5560012012635548
Long-Short,-0.13398191391045278,0.3924034291197782
Long-Short,0.22155771296352877,0.2262017426591963
Long-Short,0.6967259051330473,0.6218651548862337
Long-Short,0.06292058649362511,0.31844602641188247
Long-Short,0.820591680130656,0.7132428392627751
Long-Short,0.658555518485155,0.569299364001512
Long-Short,0.26678217008506355,0.23198104525790286
Long-Short,0.24687513305584777,0.3278907269531215
Long-Short,0.35604065897602855,0.28897934131452024
Long-Short,0.4354056913192249,0.3471442324250915
Long-Short,0.48044467965121385,0.40392678162786394
Long-Short,0.12248115758698973,0.21950629018167758
Long-Short,0.07069189841138382,0.24714034068818852
Long-Short,0.6325912347774788,0.5324279781263431
Long-Short,-0.033967105935984204,0.32382697691414974
Long-Short,0.9812182097047601,0.9033365343908705
Long-Short,0.6703497374597024,0.5638670228150792
Long-Short,0.3225506766148727,0.27275666435701934
Long-Short,0.2612575412042147,0.23928464967529894
Long-Short,0.0701634599274092,0.23525762820547091
Long-Short,0.44422838542053467,0.3618934958504176
Long-Short,-0.029067094006491073,0.3013484203992769
Long-Short,0.1492720294255044,0.3901451655690853
Long-Short,0.24970569676982574,0.22595753846535033
Long-Short,0.34477656100435955,0.2779370733040866
Long-Short,0.07496920972830756,0.23202202118051596
Long-Short,0.4150037344521353,0.3526936737720793
Long-Short,0.33259886244281106,0.27374007374057174
Long-Short,0.5954608634564457,0.4914426647929215
Long-Short,-0.05899548296410809,0.32863915700008556
Long-Short,-0.19976301318828593,0.45229737737810294
Long-Short,0.45983148509835436,0.38569531105319
Long-Short,0.28431468047791875,0.24046860337032583
Long-Short,0.3650014496409854,0.2995186252772991
Long-Short,0.2872924671698489,0.24245424806327912
Long-Short,0.2563932728774677,0.22733463433062645
Long-Short,0.4729855885175837,0.3881866445711078
Long-Short,0.2912060312887671,0.2542954812526231
Long-Short,0.6251757315343974,0.5339153352557051
Long-Short,0.9457171759585798,0.8983805525679629
Long-Short,0.15054262420246634,0.214297829925649
Long-Short,0.7708055827854499,0.6760402572263138
Long-Short,0.4300068055189664,0.4600355619689942
Long-Short,0.5546741969110852,0.4592067787208592
Long-Short,0.23715988153840337,0.35911404563299615
Long-Short,0.5387373647022914,0.48473142704960476
Long-Short,-0.07383081569578412,0.33488974998115856
Long-Short,0.5635700669632691,0.4935696909422618
Long-Short,0.49924105993087053,0.41012418210453117
Long-Short,-0.07165561873174839,0.3324679642787784
Long-Short,0.3313273765790917,0.2784379687805044
Long-Short,0.5658653104341288,0.49635049359393707
Long-Short,0.38567777291345995,0.3175252131566674
Long-Short,-0.0398951493138584,0.30836993529241663
Long-Short,-0.026409181983231,0.39118212787492546
Long-Short,0.4879791184156659,0.41404892554103395
Long-Short,0.38268964671534667,0.30710334618236046
Long-Short,0.35796926803976403,0.28756342297584053
Long-Short,0.1951856820283719,0.24980778620938146
Long-Short,0.2967439530520519,0.3195629668035564
Long-Short,-0.045912216377518716,0.3421085617348753
Long-Short,-0.0933479013208679,0.3966769554311177
Long-Short,0.5494950065973974,0.44936937291254536
Long-Short,0.5236362036768808,0.44902269188976
Long-Short,0.573918379784824,0.47600154043791376
Long-Short,0.120648310168702,0.23222200653912448
Long-Short,0.4031026644367513,0.3212418959216444
Long-Short,0.23552843652244296,0.2276951138326323
Long-Short,0.3712119478165403,0.3311294871811189
Long-Short,0.47310666060776285,0.38827015329226616
Long-Short,0.6167455461190825,0.5211670590461233
Long-Short,0.10648832966452028,0.23001269273524236
Long-Short,0.34959498042824855,0.2827645079844173
Long-Short,0.030353001061422746,0.27815797373007145
Long-Short,0.6070947331392408,0.5027305067603611
Long-Short,0.14973136299603598,0.22216657633834774
Long-Short,0.27153877625389305,0.2481513893230448
Long-Short,0.5303211115776223,0.43880539865251633
Long-Short,0.2643037261939619,0.2346942299284949
Long-Short,0.2319692083798086,0.2903616477285772
Long-Short,0.6284682927901408,0.5299402852041682
Long-Short,0.15914219008673336,0.27419246994178953
Long-Short,0.402872571780019,0.32365601358164336
Long-Short,0.2445086166644018,0.23118292615918057
Long-Short,0.5843031008617032,0.5797289692254537
Long-Short,0.4335741669426737,0.3460743469471108
Long-Short,0.3576843057600465,0.2888417618904281
Long-Short,0.6013973112503506,0.5506318451974234
Long-Short,0.7796998950958431,0.6804429372380191
Long-Short,0.20293402544659417,0.2154036593189946
Long-Short,0.11286416558792486,0.2632318273824963
Long-Short,-0.09775709782878303,0.37199709804483466
Long-Short,0.8663696580357473,0.7861956608653969
Long-Short,0.15264467876490467,0.24871866807789392
Long-Short,0.04206057655188064,0.24896051741176167
Long-Short,0.13566936146633998,0.21303425169664209
Long-Short,0.9728063446959845,0.8972683675755295
Long-Short,0.12051962349945264,0.21909974913129618
Long-Short,0.04352222471313122,0.25021138502648316
Long-Short,0.7194273657275234,0.6131774185692113
Long-Short,0.3033994527216727,0.25084372382912457
Long-Short,0.6015206507574989,0.526857801383605
Long-Short,0.31997958642671975,0.29156017524657507
Long-Short,0.5324330218827507,0.43377068339018315
Long-Short,0.04384488470444543,0.2730237877519125
Long-Short,0.2574476204266869,0.25062442809666874
Long-Short,0.24308220249904247,0.339197159509464
Long-Short,0.8816026556449629,0.7804090840229764
Long-Short,0.7617500230765137,0.717433111654567
Long-Short,-0.031005927548390988,0.30262698640851016
Long-Short,0.4624334867747667,0.37498583944889646
Long-Short,0.34845327333361914,0.4251647539063876
Long-Short,0.1871307720886125,0.21091857898334324
Long-Short,-0.16317437696770826,0.40894277510495364
Long-Short,0.3869435048387836,0.3101423972485915
Long-Short,0.2223079395043569,0.3120036686555262
Long-Short,0.5953432206211937,0.49367215319897945
Long-Short,0.5204174099288474,0.44057687476893037
Long-Short,0.170474111597595,0.21436080774078767
Long-Short,0.24284097031198842,0.24465885728872808
Long-Short,-0.03398198932162125,0.30349985005095015
Long-Short,0.7168891855422947,0.6183995228685507
Long-Short,0.8965416610830654,0.7996338411698016
Long-Short,0.4450918524245059,0.3711072491692192
Long-Short,0.428358896014678,0.36768786884821025
Long-Short,0.5325813094652414,0.4969085315456692
Long-Short,0.15499383480188977,0.28873598250093735
Long-Short,0.5626000149101487,0.4604973638427618
Long-Short,-0.08427346823541015,0.3471272987861795
Long-Short,0.46066590647450045,0.37800331893130434
Long-Short,0.40288176477470067,0.3238269220144406
Long-Short,0.482854433812994,0.4378111949800301
Long-Short,0.06351029899715038,0.243419351933016
Long-Short,0.4281396449172333,0.40024321296439924
Long-Short,0.35319163777593265,0.2991096678114732
Long-Short,0.4671155823637521,0.4173059674923181
Long-Short,0.6068717560013852,0.5055664456037118
Long-Short,0.4129524944174283,0.46586208103706517
Long-Short,-0.17428976725571294,0.42136168993915823
Long-Short,0.22862543246611608,0.2355592825428787
Long-Short,0.22124160262118997,0.23729250412115352
Long-Short,0.3522142909755144,0.37705581718951714
Long-Short,0.52064775356399,0.4332631654472568
Long-Short,0.3843843198784165,0.30645384904028544
Long-Short,0.27701555777291614,0.3012609748940206
Long-Short,0.6356696006645869,0.5299730612916458
Long-Short,0.30363397864979697,0.2534015913160272
Long-Short,0.28088695278677045,0.24034917934881056
Long-Short,-0.024652101985965152,0.34148028486492626
Long-Short,0.355083086128619,0.38231794270006053
Long-Short,0.5981460796903226,0.5168542822817678
Long-Short,0.32751897995320134,0.2660871313104314
Long-Short,0.28844222991285867,0.29676157838662515
Long-Short,0.10583546887633244,0.2684470575194273
Long-Short,0.5282720477106926,0.4287485174005791
Long-Short,0.675928848834561,0.6115140741847669
Long-Short,0.14078097503733655,0.21497936037744597
Long-Short,0.029508465483567614,0.33210024965327817
Long-Short,0.4375621049242601,0.3985844303808532
Long-Short,0.27763373801719604,0.26508847116488926
Long-Short,0.7399401190249477,0.674038404494553
Long-Short,0.9557953026817301,0.8773184209854498
Long-Short,0.13168024905519457,0.2181332030483557
Long-Short,0.5132408048593341,0.41760912291211455
Long-Short,0.5349897803373669,0.4494230350899607
Long-Short,0.7698964223393665,0.6926101806777629
Long-Short,0.48746747611707386,0.49234216641085027
Long-Short,0.5405044041242367,0.48533017532893624
Long-Short,0.9607109542391525,0.8724019068931895
Long-Short,0.23224016443620463,0.22464104675012972
Long-Short,0.30112764751989285,0.25903219624214796
Long-Short,0.3582578064409292,0.2872729137537852
Long-Short,0.29906836412698895,0.2588381830010749
Long-Short,0.4560231691935483,0.39741878297699307
Long-Short,0.7869945852896032,0.7520644277117369
Long-Short,0.3321058766696793,0.3576691423141527
Long-Short,0.2494628642499782,0.2250107594813094
Long-Short,0.3674317379816261,0.3471297068080827
Long-Short,-0.17931040231547818,0.43873020644341126
Long-Short,0.20982082498429716,0.22842016245423702
Long-Short,0.38054630923386756,0.3412551569276137
Long-Short,0.6281904982407712,0.5236655148518946
Long-Short,0.02937399281899221,0.26456228229794915
Long-Short,0.09997791937248733,0.3051680808787569
Long-Short,0.9344637013570317,0.850846103505595
Long-Short,0.3756233710875539,0.3095520969702446
Long-Short,-0.13183895198427298,0.3804469998457839
Long-Short,0.5072704100399996,0.42972724981480886
Long-Short,0.015122020395882382,0.2676998390592514
Long-Short,-0.017929226345048677,0.29304931882021085
Long-Short,-0.20582302164894867,0.4527205485870093
Long-Short,0.45445221607453495,0.37962718964607206
Long-Short,0.16974913774615125,0.34264864143316565
Long-Short,0.21308545634900372,0.21748816219657177
Long-Short,0.3500619524813796,0.296216246837895
Long-Short,0.8995172123583073,0.8231984994434967
Long-Short,0.0882666001402978,0.23608495138109367
Long-Short,0.17759934042040632,0.21672685667003244
Long-Short,0.7290278834032341,0.7016448099671417
Long-Short,0.05581899837517761,0.3254842362118125
Long-Short,-0.09543962046038523,0.3701146358352712
Long-Short,-0.1424868017917421,0.39701596917810955
Long-Short,0.5434789470149789,0.49728148344693524
Long-Short,0.3668415131780607,0.3106010091404948
Long-Short,0.15524337362080318,0.21361115701711347
Long-Short,0.4085704513226447,0.3517542262482112
Long-Short,0.4750384523056621,0.3943469109151028
Long-Short,0.69812264582657,0.6339414061217417
Long-Short,0.442440031929235,0.35508497723029797
Long-Short,0.5187092074937224,0.475310266227551
Long-Short,0.5386033791516566,0.4593287796587671
Long-Short,0.07164948161376622,0.27397618651051087
Long-Short,0.38133325911209215,0.3847878271302199
Long-Short,0.2432345809393019,0.26368217242048575
Long-Short,0.2515111188760686,0.22780308003408223
Long-Short,0.0787048998098357,0.2305673424266656
Long-Short,0.10225314716083485,0.23689959364518745
Long-Short,0.3198857454860279,0.2782459658147154
Long-Short,0.5577746814158101,0.4763119609751496
Long-Short,0.7284057556841681,0.624796437153009
Long-Short,0.19813300879115886,0.24896701666980167
Long-Short,0.3886301234082315,0.3096890111676493
Long-Short,0.17456701965148402,0.24012508916002231
Long-Short,0.6439060318005317,0.5629509327338111
Long-Short,0.7242097440674651,0.6194101668187835
Long-Short,0.7051288001037602,0.6310623334142901
Long-Short,0.37877637537854547,0.33802105654579967
Long-Short,0.7186633275897678,0.6248553053018722
Long-Short,0.631608007405414,0.5669998706477507
Long-Short,0.23324231907686965,0.27398296212472995
Long-Short,0.5003793040989263,0.4035890121817094
Long-Short,0.8044662258240965,0.6969093875597364
Long-Short,0.1654739245213562,0.2093538888016797
Long-Short,0.39106294163902156,0.3228988783854052
Long-Short,0.2208190692110631,0.38238948884894985
Long-Short,0.38338849082441684,0.39097283058769955
Long-Short,0.7313898843211301,0.627389348899381
Long-Short,0.1442683895748271,0.22789277799163588
Long-Short,0.9753762834764564,0.8895696716257852
Long-Short,0.5403991073266989,0.44724272719613056
