Date,BAH,NOC,PLTR
2020-01-02,65.51140594482422,324.72412109375,
2020-01-03,66.21299743652344,342.3525085449219,
2020-01-06,67.27906036376953,343.10101318359375,
2020-01-07,66.8872299194336,342.3159484863281,
2020-01-08,67.47948455810547,338.04351806640625,
2020-01-09,69.35645294189453,339.9332275390625,
2020-01-10,69.84846496582031,341.7865295410156,
2020-01-13,71.44300079345703,344.0139465332031,
2020-01-14,71.49765014648438,342.04217529296875,
2020-01-15,72.34500885009766,347.1452941894531,
2020-01-16,71.97142028808594,350.35870361328125,
2020-01-17,72.34500885009766,346.8805236816406,
2020-01-21,71.65253448486328,345.2007751464844,
2020-01-22,70.84160614013672,342.6354675292969,
2020-01-23,71.41566467285156,348.2772521972656,
2020-01-24,71.03296661376953,348.40509033203125,
2020-01-27,70.6776123046875,346.0588684082031,
2020-01-28,71.57054901123047,348.5876770019531,
2020-01-29,71.27898406982422,349.3270568847656,
2020-01-30,71.75277709960938,351.3537902832031,
2020-01-31,71.10586547851562,341.95086669921875,
2020-02-03,71.57054901123047,332.0729675292969,
2020-02-04,71.47943115234375,330.30194091796875,
2020-02-05,71.22428131103516,335.770263671875,
2020-02-06,71.39742279052734,332.0729675292969,
2020-02-07,70.55003356933594,329.9459228515625,
2020-02-10,70.6047134399414,331.653076171875,
2020-02-11,70.41339874267578,335.9894714355469,
2020-02-12,69.31088256835938,335.7063903808594,
2020-02-13,69.73173522949219,335.952880859375,
2020-02-14,70.1251220703125,338.6369323730469,
2020-02-18,70.78385162353516,339.98797607421875,
2020-02-19,70.02448272705078,334.2640686035156,
2020-02-20,68.14900970458984,331.61651611328125,
2020-02-21,66.91390991210938,334.4386291503906,
2020-02-24,66.02650451660156,329.2892761230469,
2020-02-25,64.4712142944336,311.495849609375,
2020-02-26,65.78861999511719,306.3191223144531,
2020-02-27,65.57819366455078,303.7994079589844,
2020-02-28,65.23056030273438,301.2979736328125,
2020-03-02,67.74647521972656,307.84918212890625,
2020-03-03,68.26795196533203,301.7928466796875,
2020-03-04,70.4727783203125,317.9095153808594,
2020-03-05,69.06388092041016,300.3268737792969,
2020-03-06,69.7957763671875,301.407958984375,
2020-03-09,66.35584259033203,287.0412902832031,
2020-03-10,68.2953872680664,306.8412780761719,
2020-03-11,67.55435180664062,291.228515625,
2020-03-12,60.738525390625,266.16912841796875,
2020-03-13,64.03208923339844,288.1590576171875,
2020-03-16,58.405582427978516,258.9216003417969,
2020-03-17,60.363426208496094,292.5844421386719,
2020-03-18,63.71186828613281,295.94720458984375,
2020-03-19,58.6708984375,272.0423889160156,
2020-03-20,53.01698303222656,260.23193359375,
2020-03-23,52.49550247192383,247.25787353515625,
2020-03-24,57.83836364746094,257.7213439941406,
2020-03-25,59.58577346801758,264.2084655761719,
2020-03-26,62.5865592956543,294.2887878417969,
2020-03-27,62.51337814331055,286.00592041015625,
2020-03-30,65.21224975585938,287.4443664550781,
2020-03-31,62.796974182128906,277.2099304199219,
2020-04-01,63.67525100708008,281.2780456542969,
2020-04-02,64.48036193847656,287.9666748046875,
2020-04-03,64.09608459472656,287.34356689453125,
2020-04-06,67.64581298828125,304.4957275390625,
2020-04-07,65.30374145507812,298.2560729980469,
2020-04-08,65.75203704833984,302.05859375,
2020-04-09,67.92943572998047,308.4538879394531,
2020-04-13,65.94416809082031,310.4696350097656,
2020-04-14,69.40238189697266,319.5771789550781,
2020-04-15,68.44175720214844,315.45404052734375,
2020-04-16,69.26513671875,317.24072265625,
2020-04-17,70.6832046508789,326.4580383300781,
2020-04-20,69.42982482910156,315.1058044433594,
2020-04-21,67.23411560058594,305.73260498046875,
2020-04-22,68.2862319946289,313.3648986816406,
2020-04-23,69.00897979736328,307.7026062011719,
2020-04-24,69.40238189697266,310.8911437988281,
2020-04-27,70.53682708740234,315.930419921875,
2020-04-28,69.68599700927734,315.6738586425781,
2020-04-29,68.50579833984375,304.03753662109375,
2020-04-30,67.18838500976562,302.9747619628906,
2020-05-01,66.28265380859375,300.5833435058594,
2020-05-04,66.57542419433594,295.5439758300781,
2020-05-05,67.45369720458984,301.20635986328125,
2020-05-06,67.46284484863281,295.9746398925781,
2020-05-07,67.56348419189453,296.99163818359375,
2020-05-08,66.76754760742188,300.207763671875,
2020-05-11,66.45646667480469,300.04278564453125,
2020-05-12,65.15736389160156,298.2469482421875,
2020-05-13,64.40717315673828,293.619873046875,
2020-05-14,63.9680290222168,285.8043212890625,
2020-05-15,64.75480651855469,294.69189453125,
2020-05-18,64.63587951660156,303.43292236328125,
2020-05-19,66.00819396972656,299.6396789550781,
2020-05-20,68.24049377441406,293.56488037109375,
2020-05-21,68.49665069580078,300.6292419433594,
2020-05-22,69.35662841796875,298.61346435546875,
2020-05-26,69.75918579101562,297.03741455078125,
2020-05-27,70.1251220703125,314.2537536621094,
2020-05-28,72.03722381591797,314.02471923828125,
2020-05-29,72.97037506103516,308.4302673339844,
2020-06-01,72.95208740234375,304.26202392578125,
2020-06-02,73.57420349121094,300.9403381347656,
2020-06-03,73.5650634765625,309.1294860839844,
2020-06-04,73.78460693359375,308.9270935058594,
2020-06-05,73.6748275756836,314.7791442871094,
2020-06-08,73.98590087890625,320.9349670410156,
2020-06-09,73.1808090209961,315.1748962402344,
2020-06-10,74.7909927368164,313.9970397949219,
2020-06-11,70.57342529296875,295.3550720214844,
2020-06-12,70.7020263671875,292.3094177246094,
2020-06-15,70.64691925048828,288.5736389160156,
2020-06-16,71.61138916015625,298.8055725097656,
2020-06-17,73.0351791381836,296.55120849609375,
2020-06-18,73.74246978759766,292.4474182128906,
2020-06-19,73.2923812866211,287.6903381347656,
2020-06-22,73.4026107788086,290.3587341308594,
2020-06-23,73.49446868896484,282.57440185546875,
2020-06-24,70.91328430175781,277.7988586425781,
2020-06-25,71.21642303466797,277.6515808105469,
2020-06-26,68.33210754394531,277.7528076171875,
2020-06-29,69.60891723632812,284.3410339355469,
2020-06-30,71.45523834228516,282.88714599609375,
2020-07-01,72.99842071533203,283.5312805175781,
2020-07-02,73.08110809326172,285.2151794433594,
2020-07-06,71.13374328613281,287.4510498046875,
2020-07-07,69.25988006591797,280.1543884277344,
2020-07-08,69.32418060302734,277.05352783203125,
2020-07-09,69.13128662109375,263.1134948730469,
2020-07-10,69.17717742919922,268.6802978515625,
2020-07-13,65.83361053466797,269.0022888183594,
2020-07-14,66.32962799072266,271.9467468261719,
2020-07-15,66.59602355957031,276.74072265625,
2020-07-16,65.12633514404297,279.39990234375,
2020-07-17,66.36637878417969,282.33514404296875,
2020-07-20,66.84405517578125,277.412353515625,
2020-07-21,67.1196060180664,283.57733154296875,
2020-07-22,69.05779266357422,290.7635192871094,
2020-07-23,68.28618621826172,288.05841064453125,
2020-07-24,68.28618621826172,287.71795654296875,
2020-07-27,68.55257415771484,283.42083740234375,
2020-07-28,68.99349975585938,287.8835144042969,
2020-07-29,70.27027893066406,290.08270263671875,
2020-07-30,71.40013122558594,299.97418212890625,
2020-07-31,75.1019515991211,299.05401611328125,
2020-08-03,76.70945739746094,297.7474365234375,
2020-08-04,76.314453125,299.05401611328125,
2020-08-05,75.7908706665039,303.3786315917969,
2020-08-06,76.14910125732422,300.27783203125,
2020-08-07,77.77497100830078,302.97381591796875,
2020-08-10,77.76579284667969,308.91796875,
2020-08-11,79.03341674804688,314.549072265625,
2020-08-12,78.73947143554688,312.2947998046875,
2020-08-13,79.05290985107422,311.5771484375,
2020-08-14,79.6798095703125,314.7423400878906,
2020-08-17,78.97915649414062,312.6260986328125,
2020-08-18,79.1358871459961,310.6385803222656,
2020-08-19,79.4677734375,310.9238586425781,
2020-08-20,79.95639038085938,309.7829284667969,
2020-08-21,79.5783920288086,310.8777770996094,
2020-08-24,80.55561065673828,316.9139099121094,
2020-08-25,79.67057800292969,315.60723876953125,
2020-08-26,80.6478042602539,314.144287109375,
2020-08-27,81.66190338134766,321.1189270019531,
2020-08-28,81.83706665039062,318.5409851074219,
2020-08-31,81.1824951171875,316.563720703125,
2020-09-01,81.50517272949219,314.5032653808594,
2020-09-02,81.71719360351562,321.8765869140625,
2020-09-03,79.6798095703125,316.2126159667969,
2020-09-04,78.34305572509766,313.2558898925781,
2020-09-08,77.23676300048828,309.1257019042969,
2020-09-09,79.19119262695312,313.6069641113281,
2020-09-10,77.57786560058594,304.9308166503906,
2020-09-11,77.45803833007812,313.1173095703125,
2020-09-14,77.19068145751953,312.7199401855469,
2020-09-15,77.31974029541016,312.3226623535156,
2020-09-16,78.15866088867188,317.3583984375,
2020-09-17,78.19554901123047,317.7002258300781,
2020-09-18,78.038818359375,315.5381774902344,
2020-09-21,78.96995544433594,301.1148986816406,
2020-09-22,80.55561065673828,307.49945068359375,
2020-09-23,77.2920913696289,303.1198425292969,
2020-09-24,76.5361328125,300.0338134765625,
2020-09-25,78.2139892578125,303.0644226074219,
2020-09-28,78.31539154052734,304.4688415527344,
2020-09-29,77.66084289550781,300.5512390136719,
2020-09-30,76.499267578125,291.50543212890625,9.5
2020-10-01,76.56379699707031,288.1052551269531,9.460000038146973
2020-10-02,76.37940216064453,290.08251953125,9.199999809265137
2020-10-05,76.00143432617188,288.4471130371094,9.029999732971191
2020-10-06,75.83550262451172,285.48114013671875,9.899999618530273
2020-10-07,75.21781921386719,290.02716064453125,10.0
2020-10-08,75.00577545166016,295.37689208984375,10.0
2020-10-09,74.82139587402344,291.3114929199219,9.949999809265137
2020-10-12,75.19014739990234,292.52178955078125,9.890000343322754
2020-10-13,74.66468811035156,288.8351745605469,9.470000267028809
2020-10-14,75.93689727783203,290.9510803222656,9.34000015258789
2020-10-15,75.61422729492188,290.8864440917969,9.90999984741211
2020-10-16,75.82625579833984,292.19842529296875,9.710000038146973
2020-10-19,73.70589447021484,287.6617126464844,9.569999694824219
2020-10-20,73.32791900634766,285.5550842285156,9.270000457763672
2020-10-21,72.58119201660156,284.9267883300781,9.199999809265137
2020-10-22,72.31381225585938,279.95574951171875,9.680000305175781
2020-10-23,72.87618255615234,284.9822082519531,9.489999771118164
2020-10-26,71.79756164550781,286.2849426269531,9.949999809265137
2020-10-27,71.59473419189453,279.15191650390625,10.949999809265137
2020-10-28,68.81059265136719,271.33502197265625,10.850000381469727
2020-10-29,69.42828369140625,270.1616516113281,10.75
2020-10-30,72.369140625,267.78692626953125,10.130000114440918
2020-11-02,74.84906768798828,274.079345703125,10.539999961853027
2020-11-03,77.14458465576172,281.64666748046875,10.5
2020-11-04,80.92435455322266,291.64410400390625,10.720000267028809
2020-11-05,79.55997467041016,284.030517578125,11.880000114440918
2020-11-06,79.83653259277344,278.4496765136719,13.829999923706055
2020-11-09,79.70747375488281,278.375732421875,14.670000076293945
2020-11-10,79.82730102539062,290.6000061035156,14.0
2020-11-11,79.31104278564453,286.3958435058594,15.960000038146973
2020-11-12,79.76277160644531,282.94952392578125,14.579999923706055
2020-11-13,81.03032684326172,288.0128479003906,15.800000190734863
2020-11-16,82.69571685791016,288.95526123046875,15.930000305175781
2020-11-17,82.49217224121094,288.8629455566406,17.850000381469727
2020-11-18,81.51144409179688,286.98724365234375,17.899999618530273
2020-11-19,81.55770111083984,285.9524230957031,18.979999542236328
2020-11-20,80.66949462890625,283.1250305175781,18.149999618530273
2020-11-23,81.28937530517578,283.1896667480469,21.040000915527344
2020-11-24,81.25238037109375,286.4143371582031,23.81999969482422
2020-11-25,81.41891479492188,288.52105712890625,29.049999237060547
2020-11-27,81.53919219970703,284.0837707519531,27.65999984741211
2020-11-30,80.29940795898438,280.5841064453125,27.110000610351562
2020-12-01,82.52919006347656,279.5073547363281,25.670000076293945
2020-12-02,81.91853332519531,277.34442138671875,22.510000228881836
2020-12-03,81.77049255371094,281.67022705078125,24.030000686645508
2020-12-04,81.81676483154297,285.19775390625,23.850000381469727
2020-12-07,81.99256896972656,279.41461181640625,28.940000534057617
2020-12-08,81.44668579101562,280.3056945800781,28.59000015258789
2020-12-09,80.86380004882812,281.94879150390625,26.6299991607666
2020-12-10,81.0858383178711,277.02886962890625,27.040000915527344
2020-12-11,81.20611572265625,279.0154113769531,27.200000762939453
2020-12-14,81.68722534179688,276.62969970703125,27.239999771118164
2020-12-15,82.55693817138672,277.10308837890625,26.43000030517578
2020-12-16,83.89850616455078,280.3521423339844,25.920000076293945
2020-12-17,82.3811264038086,279.117431640625,27.229999542236328
2020-12-18,83.08428955078125,281.391845703125,25.969999313354492
2020-12-21,81.11360931396484,276.2676086425781,28.510000228881836
2020-12-22,80.67874145507812,275.0701904296875,28.040000915527344
2020-12-23,80.94705200195312,279.0989074707031,28.690000534057617
2020-12-24,80.83602905273438,278.11492919921875,27.75
2020-12-28,81.07658386230469,281.28961181640625,25.6299991607666
2020-12-29,80.69725036621094,279.40521240234375,24.65999984741211
2020-12-30,80.47520446777344,280.9090576171875,25.100000381469727
2020-12-31,80.66023254394531,282.8677673339844,23.549999237060547
2021-01-04,79.54998016357422,273.62200927734375,23.3700008392334
2021-01-05,80.17912292480469,275.32073974609375,24.600000381469727
2021-01-06,82.05730438232422,277.68792724609375,23.540000915527344
2021-01-07,84.05579376220703,271.5983581542969,25.0
2021-01-08,84.74971008300781,267.65313720703125,25.200000762939453
2021-01-11,84.55538940429688,273.6034851074219,25.93000030517578
2021-01-12,85.75818634033203,276.20269775390625,26.18000030517578
2021-01-13,84.52764129638672,277.9848937988281,25.5
2021-01-14,84.62016296386719,281.28961181640625,24.920000076293945
2021-01-15,85.28633117675781,279.182373046875,25.639999389648438
2021-01-19,86.87769317626953,276.6481628417969,26.6200008392334
2021-01-20,87.89541625976562,277.353759765625,26.34000015258789
2021-01-21,87.70111846923828,275.58062744140625,25.979999542236328
2021-01-22,88.755859375,276.77813720703125,32.58000183105469
2021-01-25,90.26395416259766,277.8828125,36.22999954223633
2021-01-26,90.52301788330078,272.0903015136719,35.369998931884766
2021-01-27,90.27320861816406,271.28277587890625,39.0
2021-01-28,88.26551818847656,272.01605224609375,35.65999984741211
2021-01-29,78.80056762695312,266.0565185546875,35.18000030517578
2021-02-01,77.48675537109375,271.3477478027344,33.959999084472656
2021-02-02,77.15367889404297,278.4862060546875,31.020000457763672
2021-02-03,75.71033477783203,279.17315673828125,31.760000228881836
2021-02-04,77.16293334960938,280.20355224609375,32.04999923706055
2021-02-05,75.95089721679688,277.3630676269531,34.04999923706055
2021-02-08,75.82136535644531,278.6069641113281,36.04999923706055
2021-02-09,76.9408950805664,281.9952087402344,38.16999816894531
2021-02-10,77.29243469238281,281.85595703125,35.70000076293945
2021-02-11,78.61212158203125,278.142822265625,33.11000061035156
2021-02-12,76.7534408569336,276.0355529785156,31.90999984741211
2021-02-16,75.48954772949219,270.020263671875,27.84000015258789
2021-02-17,74.99700927734375,275.86846923828125,27.079999923706055
2021-02-18,74.00262451171875,276.4996643066406,25.170000076293945
2021-02-19,73.14763641357422,275.92413330078125,29.0
2021-02-22,71.80939483642578,276.5738830566406,28.0
2021-02-23,71.52130126953125,277.2608947753906,26.75
2021-02-24,72.48782348632812,280.0921630859375,26.389999389648438
2021-02-25,72.61793518066406,280.2406921386719,23.959999084472656
2021-02-26,71.6885986328125,272.0509948730469,23.899999618530273
2021-03-01,73.77957916259766,273.7299499511719,24.809999465942383
2021-03-02,73.4822006225586,278.6923522949219,24.479999542236328
2021-03-03,73.1104736328125,278.9908447265625,23.59000015258789
2021-03-04,71.26111602783203,277.5076904296875,24.729999542236328
2021-03-05,71.32615661621094,280.6791076660156,23.950000762939453
2021-03-08,72.72013854980469,285.0723876953125,22.520000457763672
2021-03-09,72.52499389648438,278.2445983886719,24.260000228881836
2021-03-10,72.87814331054688,279.83026123046875,24.75
2021-03-11,73.22199249267578,279.27996826171875,26.729999542236328
2021-03-12,72.99895477294922,281.4999694824219,26.920000076293945
2021-03-15,74.93197631835938,285.1843566894531,26.790000915527344
2021-03-16,73.82605743408203,285.2776794433594,25.610000610351562
2021-03-17,74.3929443359375,289.6896667480469,25.209999084472656
2021-03-18,74.87621307373047,293.7658996582031,23.979999542236328
2021-03-19,74.11414337158203,287.8987121582031,24.31999969482422
2021-03-22,74.1884994506836,293.08489990234375,24.219999313354492
2021-03-23,74.3929443359375,293.01959228515625,23.260000228881836
2021-03-24,74.09556579589844,294.7825927734375,21.8799991607666
2021-03-25,74.69962310791016,299.59564208984375,22.579999923706055
2021-03-26,74.1234359741211,297.57147216796875,22.579999923706055
2021-03-29,75.6661376953125,301.4238586425781,21.729999542236328
2021-03-30,75.06204986572266,300.9854431152344,22.040000915527344
2021-03-31,74.83902740478516,301.88092041015625,23.290000915527344
2021-04-01,75.9356460571289,300.5750427246094,23.06999969482422
2021-04-05,77.77571868896484,308.4195861816406,23.440000534057617
2021-04-06,76.6697998046875,308.8952941894531,23.270000457763672
2021-04-07,76.41889190673828,311.516357421875,22.899999618530273
2021-04-08,76.22372436523438,313.52191162109375,23.40999984741211
2021-04-09,76.44678497314453,317.0943603515625,24.040000915527344
2021-04-12,77.162353515625,317.78460693359375,23.34000015258789
2021-04-13,76.70699310302734,315.84442138671875,25.420000076293945
2021-04-14,76.94860076904297,318.8386535644531,23.700000762939453
2021-04-15,77.4690170288086,321.42236328125,23.149999618530273
2021-04-16,78.68644714355469,323.1387023925781,22.469999313354492
2021-04-19,78.83515167236328,321.46905517578125,21.940000534057617
2021-04-20,77.49690246582031,321.9354248046875,21.780000686645508
2021-04-21,78.008056640625,322.2898864746094,22.6299991607666
2021-04-22,77.79430389404297,320.34039306640625,22.860000610351562
2021-04-23,77.4690170288086,319.0437927246094,23.40999984741211
2021-04-26,76.85567474365234,315.0888366699219,24.110000610351562
2021-04-27,77.0322494506836,317.0196838378906,23.8799991607666
2021-04-28,76.0099868774414,315.62054443359375,23.850000381469727
2021-04-29,77.45044708251953,328.5394287109375,23.3700008392334
2021-04-30,77.08799743652344,330.6101989746094,23.040000915527344
2021-05-03,77.9429931640625,336.7290954589844,22.299999237060547
2021-05-04,79.56002044677734,343.3704528808594,21.639999389648438
2021-05-05,77.80359649658203,347.91302490234375,21.149999618530273
2021-05-06,78.11956787109375,345.17059326171875,20.09000015258789
2021-05-07,78.16604614257812,345.7116394042969,19.75
2021-05-10,77.4690170288086,348.66851806640625,18.469999313354492
2021-05-11,75.92633056640625,343.538330078125,20.209999084472656
2021-05-12,74.98770904541016,338.73455810546875,18.889999389648438
2021-05-13,77.23670196533203,345.1799621582031,18.3700008392334
2021-05-14,77.27388763427734,346.62579345703125,20.079999923706055
2021-05-17,77.37610626220703,347.80108642578125,20.459999084472656
2021-05-18,76.53970336914062,343.8367614746094,21.239999771118164
2021-05-19,75.59178924560547,345.9635314941406,20.670000076293945
2021-05-20,76.26091003417969,346.9522399902344,20.610000610351562
2021-05-21,77.71065521240234,345.5531005859375,20.75
2021-05-24,79.68083190917969,347.1573791503906,21.219999313354492
2021-05-25,79.02101135253906,345.11468505859375,21.479999542236328
2021-05-26,79.63438415527344,342.0644836425781,22.1200008392334
2021-05-27,79.4206314086914,345.5531005859375,22.700000762939453
2021-05-28,78.9280776977539,342.72412109375,22.950000762939453
2021-06-01,78.9559555053711,342.489990234375,23.059999465942383
2021-06-02,79.98751068115234,343.97930908203125,24.450000762939453
2021-06-03,79.19758605957031,343.3236999511719,23.6299991607666
2021-06-04,79.56002044677734,353.62774658203125,24.030000686645508
2021-06-07,80.0711669921875,348.31646728515625,24.459999084472656
2021-06-08,80.15480041503906,347.63262939453125,24.3799991607666
2021-06-09,81.21421813964844,349.0284118652344,24.170000076293945
2021-06-10,81.97628021240234,348.9440612792969,24.139999389648438
2021-06-11,81.90193176269531,351.3327941894531,24.670000076293945
2021-06-14,81.68728637695312,348.6817321777344,25.0
2021-06-15,81.88327026367188,351.27655029296875,24.40999984741211
2021-06-16,81.91127014160156,348.6631164550781,24.799999237060547
2021-06-17,81.81795501708984,345.3751525878906,25.450000762939453
2021-06-18,80.78203582763672,343.9606018066406,25.3700008392334
2021-06-21,82.34989166259766,349.67474365234375,25.420000076293945
2021-06-22,82.6952133178711,349.0003356933594,25.399999618530273
2021-06-23,81.3233413696289,346.8551330566406,26.270000457763672
2021-06-24,80.69805908203125,346.29315185546875,26.530000686645508
2021-06-25,81.64063262939453,349.6934814453125,26.780000686645508
2021-06-28,80.10076904296875,346.7895202636719,27.3799991607666
2021-06-29,79.42882537841797,337.51593017578125,26.6299991607666
2021-06-30,79.49415588378906,340.4384765625,26.360000610351562
2021-07-01,80.4367446899414,344.3634033203125,24.719999313354492
2021-07-02,80.95935821533203,345.8434753417969,24.440000534057617
2021-07-06,81.33267211914062,344.3915100097656,24.68000030517578
2021-07-07,83.01250457763672,347.7731628417969,22.889999389648438
2021-07-08,82.3779067993164,346.53668212890625,23.079999923706055
2021-07-09,82.87252044677734,348.2976989746094,23.290000915527344
2021-07-12,82.99384307861328,346.9019470214844,22.950000762939453
2021-07-13,82.89118194580078,344.14801025390625,22.450000762939453
2021-07-14,82.91919708251953,340.9162902832031,21.559999465942383
2021-07-15,83.38581085205078,341.0848083496094,21.469999313354492
2021-07-16,83.47913360595703,339.8576965332031,21.3700008392334
2021-07-19,82.06060028076172,332.5417785644531,21.540000915527344
2021-07-20,83.23650360107422,337.1973876953125,22.18000030517578
2021-07-21,82.87252044677734,338.5931396484375,22.520000457763672
2021-07-22,82.85385131835938,336.53228759765625,22.06999969482422
2021-07-23,83.7031021118164,338.45263671875,21.809999465942383
2021-07-26,83.79643249511719,335.5955810546875,22.1299991607666
2021-07-27,83.78710174560547,339.286376953125,21.68000030517578
2021-07-28,83.91776275634766,337.3285217285156,22.559999465942383
2021-07-29,83.72177124023438,342.5274658203125,22.18000030517578
2021-07-30,80.08209991455078,340.0544128417969,21.709999084472656
2021-08-02,80.04478454589844,338.9490966796875,22.100000381469727
2021-08-03,77.2356948852539,341.38458251953125,22.239999771118164
2021-08-04,76.52642059326172,334.6493835449219,22.299999237060547
2021-08-05,76.5357666015625,336.0264587402344,22.520000457763672
2021-08-06,76.32111358642578,339.20196533203125,21.81999969482422
2021-08-09,75.565185546875,338.1528625488281,22.93000030517578
2021-08-10,75.77981567382812,339.73590087890625,22.920000076293945
2021-08-11,76.27444458007812,342.9396057128906,22.350000381469727
2021-08-12,76.09710693359375,340.8413391113281,24.889999389648438
2021-08-13,75.54402160644531,340.13873291015625,24.899999618530273
2021-08-16,76.37838745117188,345.3001403808594,24.5
2021-08-17,76.5658950805664,345.3096008300781,23.969999313354492
2021-08-18,74.94400787353516,340.1855773925781,25.280000686645508
2021-08-19,76.22837829589844,338.2464904785156,24.15999984741211
2021-08-20,77.10963439941406,340.0356750488281,24.010000228881836
2021-08-23,76.22837829589844,339.9607238769531,24.81999969482422
2021-08-24,75.99401092529297,339.8203125,25.100000381469727
2021-08-25,76.30339050292969,339.7171936035156,24.350000381469727
2021-08-26,76.04088592529297,343.5578918457031,24.8700008392334
2021-08-27,76.57525634765625,343.2285461425781,25.709999084472656
2021-08-30,76.65026092529297,345.8439025878906,25.760000228881836
2021-08-31,76.79090118408203,345.91912841796875,26.34000015258789
2021-09-01,77.32527160644531,343.3602600097656,26.200000762939453
2021-09-02,78.40339660644531,346.483642578125,26.510000228881836
2021-09-03,77.92527770996094,344.2540283203125,26.639999389648438
2021-09-07,76.78150939941406,337.6216125488281,26.700000762939453
2021-09-08,77.57838439941406,339.0516052246094,25.579999923706055
2021-09-09,77.2033920288086,335.64605712890625,26.1299991607666
2021-09-10,76.3971176147461,333.1247253417969,26.280000686645508
2021-09-13,77.10025787353516,332.7485046386719,25.829999923706055
2021-09-14,74.97215270996094,330.8951110839844,26.260000228881836
2021-09-15,75.50650024414062,334.6676330566406,27.079999923706055
2021-09-16,75.1127700805664,328.9477844238281,28.6299991607666
2021-09-17,74.93463897705078,329.493408203125,28.709999084472656
2021-09-20,74.84088897705078,328.14813232421875,26.549999237060547
2021-09-21,73.19087219238281,324.695556640625,26.6200008392334
2021-09-22,73.48151397705078,327.875244140625,27.43000030517578
2021-09-23,73.52836608886719,330.1236877441406,28.770000457763672
2021-09-24,74.19400787353516,334.6299743652344,28.559999465942383
2021-09-27,74.50337219238281,336.050537109375,27.469999313354492
2021-09-28,73.57526397705078,337.07598876953125,25.34000015258789
2021-09-29,74.48462677001953,341.47882080078125,24.520000457763672
2021-09-30,74.39087677001953,338.81640625,24.040000915527344
2021-10-01,75.75962829589844,339.5408020019531,24.329999923706055
2021-10-04,76.17212677001953,344.0094299316406,23.170000076293945
2021-10-05,74.85025024414062,347.9700622558594,23.209999084472656
2021-10-06,75.26275634765625,354.9693298339844,23.579999923706055
2021-10-07,75.93775177001953,360.0306701660156,23.729999542236328
2021-10-08,75.76901245117188,366.6347961425781,23.5
2021-10-11,75.30027770996094,369.87103271484375,23.530000686645508
2021-10-12,75.1783676147461,366.96405029296875,23.690000534057617
2021-10-13,75.29088592529297,365.6752624511719,24.1299991607666
2021-10-14,75.61901092529297,366.8417053222656,24.350000381469727
2021-10-15,75.90963745117188,371.9406433105469,24.0
2021-10-18,75.78776550292969,370.5577392578125,24.260000228881836
2021-10-19,75.90963745117188,375.6473388671875,24.690000534057617
2021-10-20,76.0783920288086,377.13372802734375,24.219999313354492
2021-10-21,77.91588592529297,378.9117736816406,24.780000686645508
2021-10-22,77.765869140625,382.1479797363281,24.43000030517578
2021-10-25,78.4315185546875,382.5336608886719,25.40999984741211
2021-10-26,77.47526550292969,373.0790710449219,25.520000457763672
2021-10-27,74.70963287353516,365.1578063964844,25.059999465942383
2021-10-28,75.5252456665039,337.3959045410156,25.639999389648438
2021-10-29,81.4315185546875,336.05999755859375,25.8799991607666
2021-11-01,82.12528228759766,333.83038330078125,26.559999465942383
2021-11-02,82.29402160644531,332.2781066894531,25.920000076293945
2021-11-03,81.31903076171875,333.1341247558594,26.1200008392334
2021-11-04,81.95651245117188,335.5331115722656,26.469999313354492
2021-11-05,81.37527465820312,342.786376953125,26.0
2021-11-08,82.24716186523438,341.7515869140625,26.75
2021-11-09,82.33152770996094,342.9275207519531,24.25
2021-11-10,82.7440185546875,340.65093994140625,22.520000457763672
2021-11-11,83.20342254638672,338.61883544921875,22.989999771118164
2021-11-12,84.58731079101562,338.3459777832031,22.829999923706055
2021-11-15,83.8153305053711,338.67523193359375,23.40999984741211
2021-11-16,83.41993713378906,333.5951232910156,23.1299991607666
2021-11-17,83.61763763427734,332.99310302734375,22.489999771118164
2021-11-18,81.73477935791016,330.603515625,21.5
2021-11-19,82.22430419921875,332.2121887207031,21.40999984741211
2021-11-22,83.28814697265625,341.638671875,20.649999618530273
2021-11-23,82.81741333007812,342.6358947753906,20.59000015258789
2021-11-24,81.89482116699219,339.9640808105469,21.110000610351562
2021-11-26,80.20964813232422,334.46502685546875,21.030000686645508
2021-11-29,81.03812408447266,336.74212646484375,21.06999969482422
2021-11-30,79.02347564697266,329.57049560546875,20.649999618530273
2021-12-01,78.9952392578125,326.906005859375,19.3799991607666
2021-12-02,81.34878540039062,333.13275146484375,19.690000534057617
2021-12-03,80.95340728759766,338.1121520996094,18.979999542236328
2021-12-06,81.41470336914062,343.894775390625,18.799999237060547
2021-12-07,81.18873596191406,342.6759338378906,19.459999084472656
2021-12-08,80.48268127441406,344.01763916015625,19.81999969482422
2021-12-09,78.64688110351562,347.5798034667969,19.209999084472656
2021-12-10,78.5433349609375,350.60333251953125,18.940000534057617
2021-12-13,79.77661895751953,356.5276794433594,18.399999618530273
2021-12-14,79.20233154296875,355.4788513183594,18.639999389648438
2021-12-15,78.17617797851562,357.9355163574219,18.860000610351562
2021-12-16,77.90316009521484,357.841064453125,18.34000015258789
2021-12-17,77.14061737060547,356.6504821777344,19.059999465942383
2021-12-20,76.4345474243164,349.5545959472656,17.959999084472656
2021-12-21,77.460693359375,357.6237487792969,18.899999618530273
2021-12-22,77.56425476074219,358.8709716796875,18.8799991607666
2021-12-23,78.13851165771484,360.15594482421875,18.93000030517578
2021-12-27,79.07994842529297,363.02838134765625,18.940000534057617
2021-12-28,79.7201156616211,364.0866394042969,18.56999969482422
2021-12-29,80.18142700195312,363.765380859375,18.170000076293945
2021-12-30,80.02137756347656,363.33074951171875,18.690000534057617
2021-12-31,79.82369232177734,365.73077392578125,18.209999084472656
2022-01-03,83.0339584350586,364.275634765625,18.530000686645508
2022-01-04,84.99211883544922,375.1038513183594,18.170000076293945
2022-01-05,83.51407623291016,373.2141418457031,16.959999084472656
2022-01-06,81.90422821044922,375.3683166503906,16.739999771118164
2022-01-07,82.29022979736328,378.3447265625,16.559999465942383
2022-01-10,81.45233917236328,380.0549011230469,16.5
2022-01-11,81.3299560546875,378.5148010253906,16.889999389648438
2022-01-12,80.7086181640625,373.72430419921875,16.719999313354492
2022-01-13,81.21697998046875,375.68963623046875,16.010000228881836
2022-01-14,83.7400131225586,381.2076721191406,16.010000228881836
2022-01-18,82.8833236694336,379.488037109375,14.970000267028809
2022-01-19,81.9513168334961,379.5069274902344,14.5600004196167
2022-01-20,80.73685455322266,375.5006103515625,14.619999885559082
2022-01-21,80.36970520019531,376.8234558105469,13.529999732971191
2022-01-24,81.61238861083984,380.8391418457031,13.399999618530273
2022-01-25,80.40736389160156,380.9525451660156,13.0600004196167
2022-01-26,79.27766418457031,380.99981689453125,12.75
2022-01-27,77.23475646972656,353.3717346191406,12.279999732971191
2022-01-28,70.84245300292969,359.239501953125,12.710000038146973
2022-01-31,72.23577117919922,349.5072937011719,13.710000038146973
2022-02-01,72.16987609863281,350.1497802734375,14.199999809265137
2022-02-02,73.79853057861328,350.5277404785156,13.319999694824219
2022-02-03,72.08515167236328,353.20172119140625,12.449999809265137
2022-02-04,72.16046142578125,349.3656005859375,12.9399995803833
2022-02-07,71.10606384277344,352.5876159667969,12.979999542236328
2022-02-08,70.56002044677734,358.4079895019531,13.149999618530273
2022-02-09,71.12489318847656,363.1701354980469,13.869999885559082
2022-02-10,70.8597640991211,360.9591369628906,13.5600004196167
2022-02-11,70.68934631347656,377.3053894042969,13.130000114440918
2022-02-14,70.37689971923828,369.06610107421875,13.260000228881836
2022-02-15,69.78987884521484,363.5575256347656,14.170000076293945
2022-02-16,70.03605651855469,371.9574279785156,13.970000267028809
2022-02-17,69.94136047363281,376.1620788574219,11.770000457763672
2022-02-18,69.14603424072266,369.6803283691406,11.020000457763672
2022-02-22,67.58378601074219,369.18896484375,10.479999542236328
2022-02-23,66.73165130615234,364.7952575683594,10.430000305175781
2022-02-24,71.14381408691406,373.6865234375,11.829999923706055
2022-02-25,72.32733154296875,388.6275634765625,11.470000267028809
2022-02-28,76.39864349365234,419.4297790527344,11.850000381469727
2022-03-01,78.09346008300781,432.6727600097656,12.180000305175781
2022-03-02,77.26971435546875,430.1019287109375,12.0600004196167
2022-03-03,78.24494934082031,426.59197998046875,11.34000015258789
2022-03-04,81.73869323730469,444.5021667480469,10.960000038146973
2022-03-07,82.3162612915039,453.4003601074219,11.109999656677246
2022-03-08,78.93614196777344,426.13653564453125,11.039999961853027
2022-03-09,79.05921936035156,426.8101806640625,11.649999618530273
2022-03-10,79.36219024658203,421.7728271484375,11.869999885559082
2022-03-11,78.88878631591797,413.88970947265625,11.390000343322754
2022-03-14,79.04974365234375,418.7467041015625,10.5
2022-03-15,80.43208312988281,424.8179626464844,10.770000457763672
2022-03-16,79.38113403320312,402.6293640136719,11.789999961853027
2022-03-17,80.76346588134766,406.77490234375,12.319999694824219
2022-03-18,82.07008361816406,405.9686584472656,12.819999694824219
2022-03-21,80.9054946899414,423.66064453125,12.59000015258789
2022-03-22,81.075927734375,423.3759765625,13.270000457763672
2022-03-23,81.34102630615234,423.9642639160156,13.180000305175781
2022-03-24,82.5056381225586,431.2212829589844,13.390000343322754
2022-03-25,83.2630844116211,434.6458435058594,12.970000267028809
2022-03-28,83.96370697021484,423.850341796875,13.420000076293945
2022-03-29,82.07955169677734,423.38555908203125,14.199999809265137
2022-03-30,84.6549072265625,430.0449523925781,13.880000114440918
2022-03-31,83.16839599609375,424.2488098144531,13.729999542236328
2022-04-01,84.56021881103516,431.42999267578125,13.829999923706055
2022-04-04,83.56607055664062,429.058349609375,14.630000114440918
2022-04-05,83.12104034423828,430.6900939941406,13.890000343322754
2022-04-06,83.8027572631836,437.75732421875,13.0
2022-04-07,84.60755157470703,446.5891418457031,12.84000015258789
2022-04-08,84.12467956542969,439.8443908691406,12.699999809265137
2022-04-11,83.6986083984375,438.40252685546875,12.65999984741211
2022-04-12,82.9127426147461,439.48388671875,12.460000038146973
2022-04-13,83.38617706298828,440.6601867675781,12.899999618530273
2022-04-14,83.111572265625,443.2025451660156,12.420000076293945
2022-04-18,82.38255310058594,441.6657409667969,12.149999618530273
2022-04-19,82.73284912109375,440.5558776855469,12.90999984741211
2022-04-20,85.0715103149414,439.59771728515625,12.789999961853027
2022-04-21,85.11885070800781,420.67242431640625,12.329999923706055
2022-04-22,83.33882141113281,424.4195251464844,11.960000038146973
2022-04-25,82.72339630126953,421.21319580078125,12.109999656677246
2022-04-26,81.16114807128906,419.7807922363281,11.119999885559082
2022-04-27,80.29952239990234,417.181396484375,10.5600004196167
2022-04-28,79.0213394165039,422.30401611328125,10.949999809265137
2022-04-29,77.28865051269531,416.8304443359375,10.399999618530273
2022-05-02,78.06505584716797,416.09051513671875,10.739999771118164
2022-05-03,78.81302642822266,428.0718078613281,10.550000190734863
2022-05-04,82.06062316894531,438.81036376953125,10.979999542236328
2022-05-05,80.87709045410156,442.6902770996094,10.119999885559082
2022-05-06,79.85452270507812,444.62554931640625,9.479999542236328
2022-05-09,77.07088470458984,430.6615905761719,7.460000038146973
2022-05-10,77.33599853515625,426.8575134277344,7.289999961853027
2022-05-11,75.6790771484375,423.5468444824219,6.710000038146973
2022-05-12,75.38555908203125,427.6259460449219,7.340000152587891
2022-05-13,76.24716186523438,429.5706787109375,8.34000015258789
2022-05-16,77.83783721923828,434.551025390625,8.039999961853027
2022-05-17,78.94558715820312,435.6893615722656,8.359999656677246
2022-05-18,75.48023986816406,431.50592041015625,8.010000228881836
2022-05-19,76.54067993164062,425.4630432128906,8.3100004196167
2022-05-20,74.64704132080078,420.5586242675781,8.079999923706055
2022-05-23,76.76791381835938,433.30828857421875,8.010000228881836
2022-05-24,80.34687042236328,446.9021911621094,7.550000190734863
2022-05-25,80.12909698486328,443.60101318359375,7.960000038146973
2022-05-26,81.85231018066406,443.4207763671875,8.359999656677246
2022-05-27,82.24049377441406,448.2386779785156,8.850000381469727
2022-05-31,81.29369354248047,445.5821533203125,8.680000305175781
2022-06-01,80.74454498291016,442.0401611328125,8.460000038146973
2022-06-02,82.81806182861328,440.72613525390625,9.300000190734863
2022-06-03,82.5718994140625,455.48455810546875,8.9399995803833
2022-06-06,83.34829711914062,455.951171875,8.979999542236328
2022-06-07,84.06787109375,468.5196533203125,9.130000114440918
2022-06-08,82.30677795410156,449.8478088378906,9.180000305175781
2022-06-09,81.55880737304688,440.77374267578125,8.680000305175781
2022-06-10,80.39423370361328,441.630615234375,8.260000228881836
2022-06-13,78.86984252929688,438.6408996582031,7.639999866485596
2022-06-14,78.06086730957031,432.71844482421875,7.820000171661377
2022-06-15,79.17439270019531,436.5175476074219,8.119999885559082
2022-06-16,76.78556823730469,427.5386962890625,7.670000076293945
2022-06-17,77.21382904052734,422.69219970703125,8.239999771118164
2022-06-21,80.19276428222656,441.5830078125,8.710000038146973
2022-06-22,80.57344055175781,436.669921875,9.010000228881836
2022-06-23,80.87799072265625,434.4132995605469,9.460000038146973
2022-06-24,85.21788787841797,441.5163879394531,10.1899995803833
2022-06-27,84.42794799804688,444.4871826171875,9.619999885559082
2022-06-28,83.35249328613281,442.4400329589844,9.3100004196167
2022-06-29,84.25662994384766,439.7168273925781,9.229999542236328
2022-06-30,85.99830627441406,455.6750793457031,9.069999694824219
2022-07-01,88.35858917236328,463.101806640625,9.270000457763672
2022-07-05,85.76988220214844,442.144775390625,10.069999694824219
2022-07-06,87.4734878540039,458.817138671875,9.800000190734863
2022-07-07,87.93031311035156,456.4462890625,10.180000305175781
2022-07-08,88.07306671142578,457.446044921875,10.170000076293945
2022-07-11,87.49250793457031,452.7614440917969,9.5600004196167
2022-07-12,86.0744400024414,446.4486389160156,9.489999771118164
2022-07-13,85.62712860107422,442.9447021484375,9.279999732971191
2022-07-14,85.86505889892578,437.03173828125,8.899999618530273
2022-07-15,85.94120025634766,439.1359558105469,9.039999961853027
2022-07-18,85.69374084472656,427.7672424316406,9.029999732971191
2022-07-19,88.19679260253906,435.5082702636719,9.34000015258789
2022-07-20,88.54893493652344,434.25146484375,10.109999656677246
2022-07-21,88.76782989501953,432.0899963378906,10.489999771118164
2022-07-22,89.71954345703125,430.23333740234375,9.84000015258789
2022-07-25,90.47142791748047,431.6330261230469,9.680000305175781
2022-07-26,90.55709075927734,423.37774658203125,9.399999618530273
2022-07-27,89.66246032714844,424.4822692871094,10.020000457763672
2022-07-28,91.02344512939453,432.71844482421875,10.130000114440918
2022-07-29,91.34703063964844,455.98919677734375,10.350000381469727
2022-08-01,91.17572021484375,452.8757019042969,10.470000267028809
2022-08-02,91.42315673828125,458.0364074707031,10.920000076293945
2022-08-03,91.56591796875,458.70294189453125,11.199999809265137
2022-08-04,90.44287109375,455.1703796386719,11.319999694824219
2022-08-05,90.44287109375,454.7419738769531,11.449999809265137
2022-08-08,89.85281372070312,447.5625915527344,9.819999694824219
2022-08-09,91.13764953613281,451.06658935546875,9.25
2022-08-10,91.5088119506836,450.50482177734375,9.59000015258789
2022-08-11,90.18592071533203,447.8102111816406,9.420000076293945
2022-08-12,91.62956237792969,456.6366882324219,9.90999984741211
2022-08-15,93.88589477539062,463.5779113769531,9.90999984741211
2022-08-16,93.75202941894531,462.2734680175781,9.739999771118164
2022-08-17,93.82852935791016,468.9481201171875,9.430000305175781
2022-08-18,94.69854736328125,469.30047607421875,9.149999618530273
2022-08-19,94.65074920654297,467.2723388671875,8.510000228881836
2022-08-22,93.70423126220703,461.026123046875,8.069999694824219
2022-08-23,93.54170989990234,459.77880859375,8.010000228881836
2022-08-24,94.16316223144531,465.5013427734375,8.100000381469727
2022-08-25,94.029296875,470.8238830566406,8.420000076293945
2022-08-26,92.65258026123047,463.5429992675781,7.940000057220459
2022-08-29,91.45748138427734,464.1927185058594,7.809999942779541
2022-08-30,91.24715423583984,459.52984619140625,7.789999961853027
2022-08-31,91.4957275390625,456.720703125,7.71999979019165
2022-09-01,92.02156066894531,458.9469909667969,7.489999771118164
2022-09-02,90.95076751708984,455.7269592285156,7.400000095367432
2022-09-06,91.25669860839844,458.3927917480469,7.28000020980835
2022-09-07,92.49960327148438,466.07501220703125,7.389999866485596
2022-09-08,91.87813568115234,467.938232421875,7.53000020980835
2022-09-09,93.22621154785156,469.54351806640625,7.789999961853027
2022-09-12,93.1879653930664,460.8388366699219,8.010000228881836
2022-09-13,90.84558868408203,448.0638427734375,7.480000019073486
2022-09-14,90.92208099365234,463.3040466308594,7.630000114440918
2022-09-15,88.4267349243164,463.4951477050781,8.010000228881836
2022-09-16,91.12285614013672,463.60986328125,7.78000020980835
2022-09-19,91.82079315185547,466.3521423339844,7.860000133514404
2022-09-20,91.5339584350586,472.0182189941406,7.619999885559082
2022-09-21,90.91251373291016,470.93853759765625,7.690000057220459
2022-09-22,90.49185180664062,474.3688049316406,7.369999885559082
2022-09-23,89.19160461425781,457.5137939453125,7.400000095367432
2022-09-26,88.61795806884766,453.26171875,7.53000020980835
2022-09-27,88.10167694091797,453.0419616699219,7.630000114440918
2022-09-28,89.35414123535156,462.1670227050781,7.940000057220459
2022-09-29,88.13035583496094,449.5448913574219,8.079999923706055
2022-09-30,88.29290008544922,449.3919677734375,8.130000114440918
2022-10-03,91.75385284423828,464.0971374511719,8.239999771118164
2022-10-04,92.92027282714844,468.4637756347656,8.460000038146973
2022-10-05,93.36962127685547,462.8931884765625,8.420000076293945
2022-10-06,92.33706665039062,463.63848876953125,8.470000267028809
2022-10-07,92.96806335449219,474.0152893066406,8.149999618530273
2022-10-10,92.47091674804688,481.4107971191406,8.0600004196167
2022-10-11,92.25102233886719,484.73602294921875,8.039999961853027
2022-10-12,90.12852478027344,470.47039794921875,8.069999694824219
2022-10-13,91.91639709472656,479.1272888183594,8.079999923706055
2022-10-14,90.20503234863281,443.5347595214844,7.53000020980835
2022-10-17,92.19365692138672,453.9496765136719,7.940000057220459
2022-10-18,96.4481430053711,484.2486877441406,8.15999984741211
2022-10-19,94.28743743896484,488.1758728027344,7.909999847412109
2022-10-20,95.17660522460938,489.6377258300781,8.039999961853027
2022-10-21,96.591552734375,499.4029846191406,8.289999961853027
2022-10-24,96.14220428466797,502.5560607910156,8.270000457763672
2022-10-25,97.02180480957031,503.3111267089844,8.65999984741211
2022-10-26,98.35073852539062,507.3623352050781,8.569999694824219
2022-10-27,99.0582275390625,511.6810607910156,8.600000381469727
2022-10-28,103.90548706054688,523.720458984375,8.640000343322754
2022-10-31,104.06802368164062,524.5805053710938,8.789999961853027
2022-11-01,103.3987808227539,512.0346069335938,8.649999618530273
2022-11-02,103.75251007080078,506.70294189453125,8.220000267028809
2022-11-03,103.92459869384766,502.1260986328125,8.079999923706055
2022-11-04,102.13675689697266,499.5080871582031,7.929999828338623
2022-11-07,104.44087982177734,510.9740905761719,7.019999980926514
2022-11-08,105.50212097167969,516.8599243164062,7.210000038146973
2022-11-09,105.11013793945312,509.4165954589844,6.980000019073486
2022-11-10,106.39125061035156,507.9355773925781,7.639999866485596
2022-11-11,99.144287109375,470.7761535644531,8.40999984741211
2022-11-14,101.14116668701172,460.3038330078125,8.100000381469727
2022-11-15,100.13312530517578,478.4392395019531,8.34000015258789
2022-11-16,102.44683074951172,482.6529846191406,8.0600004196167
2022-11-17,101.37157440185547,495.76251220703125,7.619999885559082
2022-11-18,102.94607543945312,497.2626037597656,7.389999866485596
2022-11-21,102.95567321777344,504.3811950683594,7.190000057220459
2022-11-22,103.12847137451172,501.30438232421875,7.21999979019165
2022-11-23,101.87081146240234,499.09722900390625,7.369999885559082
2022-11-25,103.69490814208984,506.018798828125,7.28000020980835
2022-11-28,103.16687774658203,503.1907043457031,7.159999847412109
2022-11-29,101.83240509033203,506.5173645019531,7.079999923706055
2022-11-30,102.14922332763672,511.253173828125,7.5
2022-12-01,102.61004638671875,508.3866882324219,7.860000133514404
2022-12-02,104.10771942138672,523.054443359375,7.659999847412109
2022-12-05,103.21488189697266,519.056884765625,7.190000057220459
2022-12-06,103.31089782714844,509.83441162109375,6.989999771118164
2022-12-07,102.00521850585938,517.8872680664062,7.070000171661377
2022-12-08,102.01480865478516,518.213134765625,7.119999885559082
2022-12-09,100.64195251464844,507.0830078125,7.110000133514404
2022-12-12,100.87235260009766,513.0651245117188,7.289999961853027
2022-12-13,100.23872375488281,503.8714599609375,7.5
2022-12-14,101.57318878173828,509.8056335449219,7.349999904632568
2022-12-15,100.06592559814453,506.651611328125,7.010000228881836
2022-12-16,99.76829528808594,507.97454833984375,6.900000095367432
2022-12-19,99.48988342285156,510.51507568359375,6.349999904632568
2022-12-20,99.50908660888672,507.6869201660156,6.309999942779541
2022-12-21,100.74755096435547,516.5259399414062,6.5
2022-12-22,99.8163070678711,509.41259765625,6.320000171661377
2022-12-23,100.28673553466797,512.6720581054688,6.289999961853027
2022-12-27,100.4691390991211,518.8267211914062,6.0
2022-12-28,99.6242904663086,518.0789184570312,6.070000171661377
2022-12-29,100.02751922607422,519.603271484375,6.400000095367432
2022-12-30,100.34432220458984,523.064208984375,6.420000076293945
2023-01-03,100.40193176269531,518.0023193359375,6.389999866485596
2023-01-04,99.72990417480469,504.6958923339844,6.579999923706055
2023-01-05,98.3186264038086,506.6802978515625,6.320000171661377
2023-01-06,98.77943420410156,499.87371826171875,6.400000095367432
2023-01-09,92.80795288085938,474.9385070800781,6.5
2023-01-10,93.25917053222656,475.3028259277344,6.699999809265137
2023-01-11,92.99996185302734,472.56097412109375,6.980000019073486
2023-01-12,91.6270980834961,467.8155212402344,7.010000228881836
2023-01-13,91.19505310058594,442.36260986328125,6.960000038146973
2023-01-17,91.10865783691406,436.7447814941406,7.070000171661377
2023-01-18,90.38860321044922,427.6277160644531,6.900000095367432
2023-01-19,88.81414031982422,424.0327453613281,6.730000019073486
2023-01-20,89.99500274658203,432.1335754394531,7.019999980926514
2023-01-23,90.56143188476562,432.239013671875,7.380000114440918
2023-01-24,92.35672760009766,440.33026123046875,7.019999980926514
2023-01-25,93.27837371826172,444.14581298828125,7.21999979019165
2023-01-26,93.29756164550781,425.1447448730469,7.239999771118164
2023-01-27,89.02536010742188,419.5653076171875,7.550000190734863
2023-01-30,89.76459503173828,421.1279296875,7.369999885559082
2023-01-31,90.85904693603516,429.52593994140625,7.78000020980835
2023-02-01,91.55988311767578,424.3011779785156,8.199999809265137
2023-02-02,91.65589141845703,422.64263916015625,8.989999771118164
2023-02-03,92.97115325927734,422.4317626953125,8.40999984741211
2023-02-06,92.37593078613281,430.4079284667969,8.3100004196167
2023-02-07,93.02874755859375,433.46612548828125,8.329999923706055
2023-02-08,92.51992797851562,437.2145080566406,8.220000267028809
2023-02-09,92.14368438720703,435.0958251953125,7.949999809265137
2023-02-10,93.2531509399414,444.6921691894531,7.510000228881836
2023-02-13,92.46204376220703,445.0948791503906,7.610000133514404
2023-02-14,91.5262451171875,448.1914367675781,9.220000267028809
2023-02-15,93.0216064453125,441.89288330078125,10.109999656677246
2023-02-16,93.07948303222656,446.1206970214844,9.710000038146973
2023-02-17,93.50397491455078,451.1824951171875,9.199999809265137
2023-02-21,93.58116912841797,454.36529541015625,8.470000267028809
2023-02-22,93.16631317138672,458.94775390625,8.359999656677246
2023-02-23,92.53923034667969,456.5798034667969,8.170000076293945
2023-02-24,92.32696533203125,453.0968017578125,8.09000015258789
2023-02-27,91.99896240234375,452.28851318359375,8.029999732971191
2023-02-28,91.39116668701172,446.5539855957031,7.840000152587891
2023-03-01,92.09544372558594,445.0530090332031,7.690000057220459
2023-03-02,92.85759735107422,450.5566101074219,7.96999979019165
2023-03-03,93.03125,449.7003173828125,8.329999923706055
2023-03-06,92.88652801513672,452.4328918457031,8.279999732971191
2023-03-07,92.16297912597656,454.3379821777344,8.279999732971191
2023-03-08,89.2590560913086,447.6509094238281,8.130000114440918
2023-03-09,88.28465270996094,441.6758117675781,7.690000057220459
2023-03-10,87.34884643554688,442.3877868652344,7.349999904632568
2023-03-13,86.57704162597656,440.4249572753906,7.869999885559082
2023-03-14,88.11100006103516,436.49932861328125,7.889999866485596
2023-03-15,87.05941772460938,431.91937255859375,7.900000095367432
2023-03-16,87.36813354492188,433.1220703125,7.980000019073486
2023-03-17,85.39038848876953,426.81982421875,7.880000114440918
2023-03-20,87.23307037353516,432.26568603515625,8.079999923706055
2023-03-21,88.18817901611328,432.9585266113281,8.449999809265137
2023-03-22,87.00154113769531,426.81982421875,8.210000038146973
2023-03-23,86.89542388916016,427.6280822753906,8.329999923706055
2023-03-24,87.68650817871094,438.0291442871094,8.199999809265137
2023-03-27,88.46795654296875,440.91571044921875,8.039999961853027
2023-03-28,88.37149810791016,441.63726806640625,8.0
2023-03-29,89.15294647216797,444.1100769042969,8.220000267028809
2023-03-30,88.50654602050781,443.54241943359375,8.149999618530273
2023-03-31,89.42308044433594,444.2544250488281,8.449999809265137
2023-04-03,91.66129302978516,451.44183349609375,8.380000114440918
2023-04-04,91.5648193359375,450.3930969238281,8.350000381469727
2023-04-05,91.67094421386719,453.0968017578125,7.980000019073486
2023-04-06,92.25945281982422,452.596435546875,8.09000015258789
2023-04-10,93.41715240478516,458.5138244628906,8.390000343322754
2023-04-11,92.82865142822266,450.5566101074219,8.609999656677246
2023-04-12,93.21455383300781,454.88641357421875,8.329999923706055
2023-04-13,93.82234191894531,456.223876953125,8.579999923706055
2023-04-14,93.57150268554688,454.6939697265625,8.8100004196167
2023-04-17,93.51362609863281,456.8300476074219,8.800000190734863
2023-04-18,94.16966247558594,461.3330078125,8.729999542236328
2023-04-19,94.80638885498047,459.0237731933594,8.489999771118164
2023-04-20,95.04756927490234,456.2430725097656,8.149999618530273
2023-04-21,95.49137878417969,454.1358947753906,8.180000305175781
2023-04-24,93.06983947753906,453.1064147949219,8.100000381469727
2023-04-25,92.7418212890625,447.8625793457031,7.739999771118164
2023-04-26,90.77372741699219,432.1021728515625,7.739999771118164
2023-04-27,92.51028442382812,440.3671875,7.820000171661377
2023-04-28,92.34626770019531,443.8214111328125,7.75
2023-05-01,93.54257202148438,445.216552734375,7.78000020980835
2023-05-02,89.38448333740234,431.832763671875,7.590000152587891
2023-05-03,90.1562728881836,426.9256896972656,7.559999942779541
2023-05-04,88.8345718383789,425.5016784667969,7.380000114440918
2023-05-05,89.79933166503906,429.9083557128906,7.409999847412109
2023-05-08,88.22677612304688,425.51129150390625,7.739999771118164
2023-05-09,89.12399291992188,425.5786437988281,9.550000190734863
2023-05-10,89.98262023925781,426.27142333984375,9.9399995803833
2023-05-11,88.88279724121094,419.36297607421875,9.880000114440918
2023-05-12,89.57742309570312,422.1629638671875,9.5
2023-05-15,89.54846954345703,422.7498779296875,9.520000457763672
2023-05-16,88.46795654296875,419.1513366699219,9.470000267028809
2023-05-17,89.7896728515625,430.4184265136719,10.25
2023-05-18,90.05979919433594,426.81982421875,11.739999771118164
2023-05-19,89.39413452148438,426.5408020019531,11.710000038146973
2023-05-22,89.88613891601562,426.3099365234375,11.84000015258789
2023-05-23,90.20451354980469,426.27142333984375,12.640000343322754
2023-05-24,88.42938232421875,424.7415466308594,12.229999542236328
2023-05-25,86.68317413330078,417.11151123046875,12.84000015258789
2023-05-26,92.85759735107422,423.5666809082031,13.649999618530273
2023-05-30,94.488037109375,423.41204833984375,14.710000038146973
2023-05-31,97.03498840332031,420.8319396972656,14.710000038146973
2023-06-01,97.20864868164062,423.75030517578125,14.539999961853027
2023-06-02,100.0450210571289,428.8912353515625,14.520000457763672
2023-06-05,99.54334259033203,430.5533447265625,15.239999771118164
2023-06-06,99.65912628173828,433.01751708984375,15.460000038146973
2023-06-07,99.69770812988281,438.0908203125,14.6899995803833
2023-06-08,100.33444213867188,440.139404296875,15.1899995803833
2023-06-09,99.8617172241211,438.97015380859375,15.020000457763672
2023-06-12,100.49844360351562,438.24542236328125,15.649999618530273
2023-06-13,102.53408813476562,435.9648742675781,16.0
2023-06-14,102.47594451904297,432.82421875,15.90999984741211
2023-06-15,104.05546569824219,437.6269226074219,16.600000381469727
2023-06-16,105.24739837646484,442.9224853515625,16.299999237060547
2023-06-20,106.15828704833984,439.0474548339844,15.789999961853027
2023-06-21,106.12921142578125,446.90380859375,14.640000343322754
2023-06-22,106.33273315429688,442.6423034667969,14.050000190734863
2023-06-23,104.11361694335938,438.7672424316406,14.029999732971191
2023-06-26,105.43151092529297,432.9401550292969,13.9399995803833
2023-06-27,105.69315338134766,433.3460388183594,14.609999656677246
2023-06-28,105.29584503173828,427.7606201171875,15.279999732971191
2023-06-29,106.61373901367188,436.032470703125,15.199999809265137
2023-06-30,108.14482116699219,440.4583435058594,15.329999923706055
2023-07-03,108.52273559570312,442.7388610839844,15.520000457763672
2023-07-05,108.7844009399414,443.59893798828125,15.699999809265137
2023-07-06,108.08667755126953,440.6322937011719,15.130000114440918
2023-07-07,108.57119750976562,437.22113037109375,15.34000015258789
2023-07-10,109.1235580444336,437.35638427734375,16.299999237060547
2023-07-11,110.1991958618164,445.2417297363281,16.489999771118164
2023-07-12,108.77469635009766,438.0908203125,16.59000015258789
2023-07-13,109.10417175292969,441.6469421386719,16.739999771118164
2023-07-14,109.78250122070312,435.47198486328125,16.399999618530273
2023-07-17,110.79999542236328,438.9508361816406,17.399999618530273
2023-07-18,111.99190521240234,427.7799377441406,18.079999923706055
2023-07-19,112.44734954833984,427.3934020996094,18.049999237060547
2023-07-20,112.65086364746094,439.0667724609375,17.1299991607666
2023-07-21,112.24385833740234,438.158447265625,16.43000030517578
2023-07-24,112.28263092041016,436.9891662597656,16.31999969482422
2023-07-25,112.62179565429688,441.801513671875,16.549999237060547
2023-07-26,112.92218780517578,441.7725524902344,16.43000030517578
2023-07-27,110.43175506591797,430.3214111328125,16.149999618530273
2023-07-28,117.19564819335938,434.5443420410156,17.809999465942383
2023-07-31,117.3313217163086,430.0218811035156,19.84000015258789
2023-08-01,119.51166534423828,433.0657958984375,19.989999771118164
2023-08-02,119.87989807128906,432.4086608886719,18.969999313354492
2023-08-03,120.68418884277344,427.7123107910156,18.709999084472656
2023-08-04,118.89146423339844,423.77923583984375,18.200000762939453
2023-08-07,119.51166534423828,421.9625549316406,17.989999771118164
2023-08-08,118.19376373291016,418.3291320800781,17.040000915527344
2023-08-09,117.80615234375,420.889892578125,15.25
2023-08-10,116.9533920288086,415.7876281738281,15.40999984741211
2023-08-11,116.93400573730469,416.5413818359375,15.40999984741211
2023-08-14,118.80184936523438,414.9952392578125,15.720000267028809
2023-08-15,118.5002670288086,408.9266357421875,15.369999885559082
2023-08-16,116.49624633789062,412.907958984375,15.449999809265137
2023-08-17,111.77802276611328,414.7246398925781,14.149999618530273
2023-08-18,110.67871856689453,415.6910095214844,14.399999618530273
2023-08-21,109.9782943725586,419.0925598144531,14.5
2023-08-22,109.87127685546875,422.9965515136719,14.670000076293945
2023-08-23,110.6106185913086,419.8945617675781,15.300000190734863
2023-08-24,111.6418228149414,417.63336181640625,14.140000343322754
2023-08-25,111.42780303955078,416.9054260253906,14.529999732971191
2023-08-28,111.92394256591797,418.44854736328125,14.640000343322754
2023-08-29,111.3110580444336,417.3907165527344,15.399999618530273
2023-08-30,111.44725036621094,421.9910583496094,16.329999923706055
2023-08-31,110.2312240600586,420.3314514160156,14.979999542236328
2023-09-01,111.6612777709961,422.7868957519531,15.180000305175781
2023-09-05,111.62236785888672,418.380615234375,15.210000038146973
2023-09-06,111.2916030883789,411.1598815917969,15.300000190734863
2023-09-07,109.64752960205078,418.2933044433594,15.210000038146973
2023-09-08,108.90816497802734,410.2669677734375,15.130000114440918
2023-09-11,109.68643188476562,412.4797668457031,15.789999961853027
2023-09-12,110.17285919189453,411.58685302734375,15.59000015258789
2023-09-13,110.15339660644531,413.7511901855469,15.600000381469727
2023-09-14,110.01719665527344,419.5841369628906,15.829999923706055
2023-09-15,108.40229797363281,420.71966552734375,15.329999923706055
2023-09-18,108.63578796386719,427.54254150390625,15.460000038146973
2023-09-19,108.46067810058594,423.1265869140625,15.149999618530273
2023-09-20,108.54822540283203,427.2125549316406,14.739999771118164
2023-09-21,104.71527099609375,424.2330322265625,14.0
2023-09-22,104.45262145996094,412.3826904296875,14.130000114440918
2023-09-25,105.15304565429688,413.0329895019531,14.220000267028809
2023-09-26,105.38652801513672,414.0132141113281,13.960000038146973
2023-09-27,106.73876190185547,424.3591613769531,14.850000381469727
2023-09-28,105.78539276123047,426.5525817871094,15.770000457763672
2023-09-29,106.30097198486328,427.2222900390625,16.0
2023-10-02,110.48416137695312,429.1925354003906,15.880000114440918
2023-10-03,111.6321029663086,421.5155029296875,14.899999618530273
2023-10-04,112.68274688720703,409.8496398925781,15.729999542236328
2023-10-05,113.53882598876953,407.6949768066406,15.8100004196167
2023-10-06,116.23356628417969,410.7716369628906,16.610000610351562
2023-10-09,119.42446899414062,457.7166442871094,17.610000610351562
2023-10-10,121.1074447631836,451.4178771972656,17.799999237060547
2023-10-11,123.2087631225586,459.4248046875,17.920000076293945
2023-10-12,123.55897521972656,463.24871826171875,17.940000534057617
2023-10-13,124.42478942871094,475.7104797363281,17.360000610351562
2023-10-16,125.20304870605469,474.66229248046875,17.360000610351562
2023-10-17,125.18359375,474.5943603515625,17.84000015258789
2023-10-18,121.89544677734375,476.30255126953125,17.200000762939453
2023-10-19,119.95950317382812,475.50665283203125,17.059999465942383
2023-10-20,118.53917694091797,471.3916015625,16.110000610351562
2023-10-23,117.97492980957031,466.4418640136719,16.200000762939453
2023-10-24,116.47677612304688,464.3454284667969,16.639999389648438
2023-10-25,116.16547393798828,469.02349853515625,15.59000015258789
2023-10-26,118.05277252197266,463.7048645019531,15.289999961853027
2023-10-27,114.17118072509766,459.1336975097656,15.069999694824219
2023-10-30,114.65760040283203,454.8729553222656,14.6899995803833
2023-10-31,116.67134857177734,457.5419921875,14.800000190734863
2023-11-01,120.39729309082031,454.46533203125,14.920000076293945
2023-11-02,119.40499114990234,461.754150390625,17.969999313354492
2023-11-03,119.66767120361328,456.7170104980469,18.889999389648438
2023-11-06,120.2805404663086,457.1246337890625,18.540000915527344
2023-11-07,119.80384826660156,453.921875,18.799999237060547
2023-11-08,121.3992919921875,446.9145202636719,18.489999771118164
2023-11-09,121.2144546508789,447.5065612792969,18.270000457763672
2023-11-10,122.57640838623047,449.62237548828125,19.670000076293945
2023-11-13,123.8800048828125,450.6996154785156,19.709999084472656
2023-11-14,126.27227020263672,453.07745361328125,19.940000534057617
2023-11-15,123.77259826660156,451.2917175292969,19.950000762939453
2023-11-16,124.8173828125,450.2143859863281,19.770000457763672
2023-11-17,123.83119201660156,450.495849609375,20.489999771118164
2023-11-20,124.53421783447266,452.0972595214844,21.34000015258789
2023-11-21,123.40155029296875,457.1925964355469,19.799999237060547
2023-11-22,124.41704559326172,457.5614013671875,19.690000534057617
2023-11-24,125.12982940673828,459.45172119140625,19.200000762939453
2023-11-27,124.86619567871094,456.40185546875,19.079999923706055
2023-11-28,122.971923828125,458.048583984375,19.709999084472656
2023-11-29,121.53657531738281,455.4468994140625,19.84000015258789
2023-11-30,122.1810073852539,462.9985656738281,20.049999237060547
2023-12-01,125.13960266113281,467.55877685546875,20.270000457763672
2023-12-04,128.12750244140625,468.0362548828125,18.399999618530273
2023-12-05,125.03219604492188,464.4114685058594,18.299999237060547
2023-12-06,123.9093017578125,467.99725341796875,17.1299991607666
2023-12-07,122.38607025146484,465.2591857910156,17.219999313354492
2023-12-08,122.33724212646484,464.0606689453125,17.770000457763672
2023-12-11,123.70425415039062,466.5064392089844,17.770000457763672
2023-12-12,124.8173828125,466.9839172363281,17.5
2023-12-13,125.94026947021484,472.5964660644531,17.8700008392334
2023-12-14,122.2688980102539,451.7929382324219,18.209999084472656
2023-12-15,122.07360076904297,449.24969482421875,18.200000762939453
2023-12-18,122.32746887207031,453.50787353515625,17.84000015258789
2023-12-19,122.8059310913086,452.2801208496094,17.950000762939453
2023-12-20,121.85879516601562,445.45928955078125,17.25
2023-12-21,122.8059310913086,447.466552734375,17.59000015258789
2023-12-22,124.00695037841797,451.2764892578125,17.40999984741211
2023-12-26,124.40728759765625,452.6114196777344,17.68000030517578
2023-12-27,124.29011535644531,452.3385925292969,17.469999313354492
2023-12-28,124.15340423583984,453.76123046875,17.559999465942383
2023-12-29,124.89549255371094,456.15826416015625,17.170000076293945
2024-01-02,124.47563171386719,458.058349609375,16.579999923706055
2024-01-03,123.13792419433594,462.72576904296875,16.09000015258789
2024-01-04,122.42510986328125,459.6564025878906,16.25
2024-01-05,120.85305786132812,457.86346435546875,15.979999542236328
2024-01-08,123.97764587402344,463.09600830078125,16.670000076293945
2024-01-09,124.26081848144531,460.14361572265625,16.389999389648438
2024-01-10,124.22175598144531,459.8707580566406,16.790000915527344
2024-01-11,123.53824615478516,455.3786926269531,16.68000030517578
2024-01-12,125.59852600097656,468.76708984375,16.760000228881836
2024-01-16,123.6847152709961,465.66845703125,16.530000686645508
2024-01-17,123.55778503417969,461.7513427734375,16.389999389648438
2024-01-18,124.6611557006836,462.482177734375,16.399999618530273
2024-01-19,124.48538970947266,458.4383850097656,16.780000686645508
2024-01-22,126.91671752929688,454.6771240234375,17.600000381469727
2024-01-23,125.84263610839844,455.9438781738281,17.329999923706055
2024-01-24,126.10625457763672,452.04632568359375,16.75
2024-01-25,125.84263610839844,423.4279479980469,16.459999084472656
2024-01-26,142.93019104003906,426.7506408691406,16.350000381469727
2024-01-29,140.9968719482422,427.0917053222656,17.09000015258789
2024-01-30,141.270263671875,432.14886474609375,16.739999771118164
2024-01-31,137.4524383544922,435.3254699707031,16.09000015258789
2024-02-01,138.8194122314453,434.7992858886719,16.329999923706055
2024-02-02,139.09283447265625,435.1500549316406,17.020000457763672
2024-02-05,138.5264892578125,430.96014404296875,16.719999313354492
2024-02-06,140.65512084960938,436.6993408203125,21.8700008392334
2024-02-07,140.27432250976562,442.2826843261719,23.600000381469727
2024-02-08,141.211669921875,439.67132568359375,24.510000228881836
2024-02-09,143.73980712890625,443.276611328125,24.3799991607666
2024-02-12,142.9558868408203,439.9149169921875,25.049999237060547
2024-02-13,141.49583435058594,434.7505187988281,24.010000228881836
2024-02-14,142.211181640625,434.9454345703125,25.190000534057617
2024-02-15,142.44635009765625,438.48248291015625,25.40999984741211
2024-02-16,142.6619110107422,439.4179382324219,24.440000534057617
2024-02-20,142.18177795410156,442.29248046875,23.399999618530273
2024-02-21,141.9759979248047,448.2265930175781,22.739999771118164
2024-02-22,144.57269287109375,445.3520812988281,23.59000015258789
2024-02-23,145.9151611328125,451.1442565917969,22.969999313354492
2024-02-26,144.75888061523438,449.4222412109375,23.559999465942383
2024-02-27,143.5830078125,448.4634094238281,24.530000686645508
2024-02-28,144.34732055664062,449.0406799316406,24.420000076293945
2024-02-29,144.73928833007812,451.0660095214844,25.079999923706055
2024-03-01,145.19981384277344,445.078125,24.93000030517578
2024-03-04,146.05233764648438,450.14630126953125,24.040000915527344
2024-03-05,146.18954467773438,448.3656005859375,23.809999465942383
2024-03-06,145.9053497314453,451.1148986816406,26.15999984741211
2024-03-07,145.40562438964844,446.5457458496094,26.459999084472656
2024-03-08,144.1807403564453,449.5788269042969,26.040000915527344
2024-03-11,141.67222595214844,449.3341979980469,25.350000381469727
2024-03-12,142.71092224121094,448.93304443359375,24.700000762939453
2024-03-13,143.16168212890625,448.3362121582031,25.0
2024-03-14,142.25038146972656,450.9094543457031,24.43000030517578
2024-03-15,141.87802124023438,451.7802429199219,23.489999771118164
2024-03-18,141.5840606689453,452.40643310546875,24.0
2024-03-19,143.23023986816406,457.386474609375,23.799999237060547
2024-03-20,143.87698364257812,460.5859375,24.56999969482422
2024-03-21,145.26841735839844,457.39630126953125,24.489999771118164
2024-03-22,144.64129638671875,458.62908935546875,24.18000030517578
2024-03-25,143.19107055664062,459.1867980957031,24.510000228881836
2024-03-26,144.21994018554688,459.7640380859375,24.889999389648438
2024-03-27,145.239013671875,467.0531921386719,24.510000228881836
2024-03-28,145.45460510253906,468.3251037597656,23.010000228881836
2024-04-01,146.0621337890625,461.1729431152344,22.860000610351562
2024-04-02,143.89657592773438,456.2906799316406,22.719999313354492
2024-04-03,144.76869201660156,447.142578125,22.700000762939453
2024-04-04,143.40664672851562,449.55926513671875,22.479999542236328
2024-04-05,143.87698364257812,444.686767578125,22.959999084472656
2024-04-08,144.3571319580078,446.506591796875,23.0
2024-04-09,140.61395263671875,444.84332275390625,22.809999465942383
2024-04-10,139.83984375,448.02313232421875,22.420000076293945
2024-04-11,141.29986572265625,447.94488525390625,22.84000015258789
2024-04-12,141.19207763671875,446.2619934082031,22.670000076293945
2024-04-15,139.39889526367188,441.5460510253906,21.899999618530273
2024-04-16,139.30091857910156,440.6263732910156,21.8799991607666
2024-04-17,137.43911743164062,442.2896423339844,21.309999465942383
2024-04-18,136.70420837402344,442.72998046875,21.1299991607666
2024-04-19,139.2812957763672,452.59228515625,20.469999313354492
2024-04-22,140.13380432128906,460.81097412109375,20.969999313354492
2024-04-23,143.02447509765625,464.4310302734375,21.639999389648438
2024-04-24,141.48605346679688,464.32342529296875,21.59000015258789
2024-04-25,142.34835815429688,477.52215576171875,21.709999084472656
2024-04-26,142.211181640625,470.0764465332031,22.520000457763672
2024-04-29,144.61190795898438,475.72186279296875,22.829999923706055
2024-04-30,144.70008850097656,474.5575866699219,21.969999313354492
2024-05-01,144.36692810058594,475.8686218261719,22.1200008392334
2024-05-02,143.7495880126953,464.744140625,22.549999237060547
2024-05-03,144.2885284423828,458.96173095703125,23.329999923706055
2024-05-06,149.80531311035156,458.7366943359375,25.209999084472656
2024-05-07,148.35507202148438,463.5211181640625,21.399999618530273
2024-05-08,148.03172302246094,461.42730712890625,21.559999465942383
2024-05-09,151.23594665527344,463.2080383300781,21.139999389648438
2024-05-10,152.92135620117188,464.5484313964844,20.600000381469727
2024-05-13,148.76661682128906,466.3584899902344,20.940000534057617
2024-05-14,146.0621337890625,463.834228515625,21.440000534057617
2024-05-15,147.9141387939453,459.5096435546875,21.670000076293945
2024-05-16,149.48193359375,460.5272216796875,21.649999618530273
2024-05-17,149.22715759277344,460.0673828125,21.760000228881836
2024-05-20,150.88319396972656,458.81500244140625,21.6200008392334
2024-05-21,151.04977416992188,461.7110595703125,21.239999771118164
2024-05-22,150.37364196777344,464.4407958984375,21.170000076293945
2024-05-23,149.29576110839844,457.1223449707031,20.719999313354492
2024-05-24,155.3220672607422,458.38018798828125,21.010000228881836
2024-05-28,151.49072265625,447.6388854980469,21.049999237060547
2024-05-29,151.3339385986328,438.68609619140625,20.940000534057617
2024-05-30,148.67843627929688,438.8138427734375,21.729999542236328
2024-05-31,149.1488037109375,442.990478515625,21.68000030517578
2024-06-03,147.4829559326172,441.5753479003906,21.31999969482422
2024-06-04,148.82542419433594,440.6515808105469,22.100000381469727
2024-06-05,150.3344268798828,434.7354736328125,22.959999084472656
2024-06-06,149.2173614501953,437.1039123535156,23.790000915527344
2024-06-07,148.68824768066406,432.4457092285156,23.309999465942383
2024-06-10,148.7862091064453,428.2493591308594,23.1299991607666
2024-06-11,147.66915893554688,422.4020690917969,23.850000381469727
2024-06-12,148.8646240234375,419.77813720703125,23.770000457763672
2024-06-13,147.88145446777344,416.1125183105469,23.270000457763672
2024-06-14,147.89126586914062,416.7709655761719,23.56999969482422
2024-06-17,150.32955932617188,422.3627624511719,25.020000457763672
2024-06-18,151.2734375,418.48089599609375,25.81999969482422
2024-06-20,151.85350036621094,426.9816589355469,25.559999465942383
2024-06-21,152.24679565429688,424.63287353515625,23.84000015258789
2024-06-24,154.5769500732422,423.2374267578125,24.15999984741211
2024-06-25,154.74407958984375,421.085205078125,24.559999465942383
2024-06-26,153.60357666015625,424.0432434082031,24.100000381469727
2024-06-27,153.62326049804688,427.4042053222656,25.219999313354492
2024-06-28,151.312744140625,428.42626953125,25.329999923706055
2024-07-01,148.46151733398438,427.4926452636719,25.8799991607666
2024-07-02,150.21157836914062,429.8217468261719,25.829999923706055
2024-07-03,151.91250610351562,429.5466003417969,25.850000381469727
2024-07-05,150.22142028808594,427.2273254394531,27.229999542236328
2024-07-08,151.1161346435547,422.8246765136719,27.700000762939453
2024-07-09,151.7945098876953,416.4172058105469,27.389999389648438
2024-07-10,153.0333251953125,418.88385009765625,28.420000076293945
2024-07-11,154.3409881591797,424.5640869140625,27.639999389648438
2024-07-12,155.50115966796875,424.7803039550781,28.06999969482422
2024-07-15,154.5769500732422,424.4658508300781,28.670000076293945
2024-07-16,155.5306396484375,427.64990234375,28.670000076293945
2024-07-17,153.63307189941406,432.57342529296875,28.219999313354492
2024-07-18,154.06568908691406,432.0231018066406,28.639999389648438
2024-07-19,153.4364471435547,430.3819580078125,28.579999923706055
2024-07-22,155.51097106933594,430.5391845703125,28.459999084472656
2024-07-23,157.59535217285156,434.66668701171875,28.809999465942383
2024-07-24,151.4995574951172,434.4897766113281,26.600000381469727
2024-07-25,150.99813842773438,462.44879150390625,26.6299991607666
2024-07-26,137.4891357421875,472.0108337402344,27.18000030517578
2024-07-29,142.0609588623047,469.0528259277344,27.079999923706055
2024-07-30,136.4862823486328,478.32989501953125,26.3700008392334
2024-07-31,140.90078735351562,475.9615173339844,26.889999389648438
2024-08-01,140.54685974121094,484.8454895019531,26.079999923706055
2024-08-02,141.5595245361328,486.0149230957031,24.739999771118164
2024-08-05,142.20843505859375,484.1280517578125,24.09000015258789
2024-08-06,143.74220275878906,478.1333312988281,26.59000015258789
2024-08-07,142.92616271972656,481.2977600097656,26.31999969482422
2024-08-08,145.30548095703125,482.8407287597656,29.280000686645508
2024-08-09,145.12850952148438,485.80859375,30.010000228881836
2024-08-12,143.8798370361328,493.002197265625,29.3799991607666
2024-08-13,143.8011932373047,493.7098083496094,30.389999389648438
2024-08-14,146.0013885498047,496.2845764160156,31.0
2024-08-15,145.97177124023438,495.00701904296875,31.219999313354492
2024-08-16,145.69552612304688,497.91595458984375,32.08000183105469
2024-08-19,146.72161865234375,496.1568298339844,32.5
2024-08-20,148.6356658935547,499.27215576171875,32.31999969482422
2024-08-21,151.55609130859375,498.11248779296875,32.540000915527344
2024-08-22,152.06915283203125,500.8346862792969,31.920000076293945
2024-08-23,152.86831665039062,500.5497131347656,31.780000686645508
2024-08-26,151.91128540039062,503.1637878417969,30.850000381469727
2024-08-27,153.66749572753906,503.59619140625,30.84000015258789
2024-08-28,153.4208221435547,504.69683837890625,30.360000610351562
2024-08-29,155.2658233642578,510.3869323730469,31.0
2024-08-30,156.65696716308594,514.1803588867188,31.479999542236328
2024-09-03,154.36801147460938,515.6997680664062,30.510000228881836
2024-09-04,154.70346069335938,516.6764526367188,30.59000015258789
2024-09-05,153.79576110839844,512.4439086914062,30.15999984741211
2024-09-06,150.07615661621094,508.1125793457031,30.329999923706055
2024-09-09,149.9281768798828,517.199462890625,34.599998474121094
2024-09-10,149.81964111328125,513.01611328125,34.7599983215332
2024-09-11,149.6025848388672,509.0301513671875,34.849998474121094
2024-09-12,152.66111755371094,511.6052551269531,34.90999984741211
2024-09-13,154.89093017578125,512.82861328125,35.59000015258789
2024-09-16,156.33139038085938,514.2987670898438,36.310001373291016
2024-09-17,153.38136291503906,513.78564453125,36.45000076293945
2024-09-18,152.44407653808594,514.6538696289062,36.380001068115234
2024-09-19,154.07199096679688,515.2755126953125,36.83000183105469
2024-09-20,155.77886962890625,518.1070556640625,37.20000076293945
2024-09-23,157.7225341796875,526.010009765625,37.95000076293945
2024-09-24,157.60415649414062,522.7738037109375,36.900001525878906
2024-09-25,157.77186584472656,521.0472412109375,37.119998931884766
2024-09-26,157.49562072753906,517.2980346679688,37.099998474121094
2024-09-27,159.8832550048828,519.744873046875,36.84000015258789
2024-09-30,160.58375549316406,521.0078125,37.20000076293945
2024-10-01,161.20533752441406,536.6063842773438,36.459999084472656
2024-10-02,159.1531524658203,531.663330078125,37.4900016784668
2024-10-03,158.80783081054688,530.3905639648438,39.2400016784668
2024-10-04,158.6499786376953,529.5618286132812,40.0099983215332
2024-10-07,159.1038055419922,526.828857421875,38.88999938964844
2024-10-08,159.241943359375,525.5265502929688,41.45000076293945
2024-10-09,159.4293975830078,525.1121215820312,43.130001068115234
2024-10-10,156.96282958984375,520.0408935546875,43.52000045776367
2024-10-11,158.66970825195312,521.6293334960938,43.5099983215332
2024-10-14,160.47523498535156,526.927490234375,43.400001525878906
2024-10-15,160.16937255859375,519.8829345703125,42.43000030517578
2024-10-16,161.93544006347656,524.3228149414062,41.93000030517578
2024-10-17,161.11654663085938,520.9091186523438,42.0
2024-10-18,161.7183837890625,523.6913452148438,42.970001220703125
2024-10-21,161.05735778808594,522.566650390625,42.70000076293945
2024-10-22,160.25816345214844,513.2430419921875,42.939998626708984
2024-10-23,161.07705688476562,509.4938659667969,42.59000015258789
2024-10-24,164.3230743408203,516.6764526367188,43.560001373291016
2024-10-25,179.4974365234375,512.4044189453125,44.86000061035156
2024-10-28,183.5130157470703,505.3006896972656,44.970001220703125
2024-10-29,181.7173614501953,497.3089904785156,44.93000030517578
2024-10-30,181.02670288085938,498.5817565917969,43.689998626708984
2024-10-31,179.23104858398438,502.2125549316406,41.560001373291016
2024-11-01,178.8561248779297,500.1702575683594,41.91999816894531
2024-11-04,180.17822265625,500.6536865234375,41.40999984741211
2024-11-05,182.80264282226562,506.0406799316406,51.130001068115234
2024-11-06,177.5537872314453,516.1437377929688,55.529998779296875
2024-11-07,173.44940185546875,513.617919921875,55.880001068115234
2024-11-08,181.04644775390625,521.9154052734375,58.38999938964844
2024-11-11,180.94778442382812,526.5625,60.2400016784668
2024-11-12,179.0238494873047,524.2833862304688,59.849998474121094
2024-11-13,169.70021057128906,513.4600830078125,60.70000076293945
2024-11-14,152.50328063964844,493.6485900878906,59.18000030517578
2024-11-15,147.88046264648438,487.383544921875,65.7699966430664
2024-11-18,139.119873046875,482.1445617675781,61.2599983215332
2024-11-19,136.52635192871094,484.4532470703125,62.97999954223633
2024-11-20,142.73300170898438,485.40045166015625,62.119998931884766
2024-11-21,148.36550903320312,489.77117919921875,61.36000061035156
2024-11-22,147.71217346191406,490.22503662109375,64.3499984741211
2024-11-25,145.969970703125,478.7801818847656,64.6500015258789
2024-11-26,147.12814331054688,481.89788818359375,65.73999786376953
2024-11-27,145.86106872558594,482.5392150878906,66.05000305175781
2024-11-29,146.6826629638672,483.1015625,67.08000183105469
2024-12-02,147.21722412109375,480.2877197265625,66.38999938964844
2024-12-03,144.56430053710938,480.74346923828125,70.95999908447266
2024-12-04,143.0101776123047,482.1405029296875,69.8499984741211
2024-12-05,141.258056640625,475.1554260253906,71.87000274658203
2024-12-06,144.26734924316406,469.2898864746094,76.33999633789062
2024-12-09,139.37725830078125,474.75909423828125,72.45999908447266
2024-12-10,140.3473358154297,475.7597961425781,70.88999938964844
2024-12-11,133.6259765625,471.2417907714844,72.51000213623047
2024-12-12,134.22979736328125,477.07757568359375,73.19999694824219
2024-12-13,133.10133361816406,475.58148193359375,76.06999969482422
2024-12-16,134.19020080566406,478.15753173828125,75.75
2024-12-17,134.4277801513672,475.8687744140625,74.38999938964844
2024-12-18,132.02232360839844,463.35504150390625,71.51000213623047
2024-12-19,127.35992431640625,462.8299255371094,74.20999908447266
2024-12-20,129.86436462402344,465.2177429199219,80.55000305175781
2024-12-23,129.78517150878906,462.8992919921875,80.69000244140625
2024-12-24,128.389404296875,466.75347900390625,82.37999725341797
2024-12-26,129.08233642578125,467.88299560546875,82.13999938964844
2024-12-27,128.33990478515625,467.0110778808594,79.08000183105469
2024-12-30,127.06295776367188,462.22552490234375,77.18000030517578
2024-12-31,127.39952087402344,464.9700622558594,75.62999725341797
2025-01-02,126.82537841796875,463.70184326171875,75.19000244140625
2025-01-03,130.5968780517578,463.5135803222656,79.88999938964844
2025-01-06,129.41891479492188,450.9503173828125,75.91999816894531
2025-01-07,127.93407440185547,448.22564697265625,69.98999786376953
2025-01-08,128.7655792236328,457.9552001953125,68.2300033569336
2025-01-10,131.1314239501953,454.4676208496094,67.26000213623047
2025-01-13,133.754638671875,468.0315856933594,64.9800033569336
2025-01-14,134.76434326171875,471.12286376953125,65.91000366210938
2025-01-15,134.69505310058594,467.95233154296875,68.13999938964844
2025-01-16,134.9227294921875,476.760498046875,69.23999786376953
2025-01-17,134.6851348876953,477.9395446777344,71.7699966430664
2025-01-21,141.01058959960938,499.806396484375,73.06999969482422
2025-01-22,141.61441040039062,497.78515625,76.87000274658203
2025-01-23,134.8138427734375,495.1694641113281,78.9800033569336
2025-01-24,132.0916290283203,492.44476318359375,78.9800033569336
2025-01-27,134.01202392578125,498.5976257324219,75.44000244140625
2025-01-28,127.60740661621094,482.16033935546875,80.2300033569336
2025-01-29,125.77609252929688,477.1072692871094,79.76000213623047
2025-01-30,127.627197265625,478.92041015625,81.22000122070312
2025-01-31,127.69648742675781,482.7845153808594,82.48999786376953
2025-02-03,128.10235595703125,483.2601318359375,83.73999786376953
2025-02-04,130.636474609375,477.949462890625,103.83000183105469
2025-02-05,128.04295349121094,467.9919738769531,101.36000061035156
2025-02-06,127.85487365722656,462.2552490234375,111.27999877929688
2025-02-07,126.64720916748047,464.2665710449219,110.8499984741211
2025-02-10,126.80558776855469,470.0032958984375,116.6500015258789
2025-02-11,123.15287017822266,469.4781494140625,112.62000274658203
2025-02-12,120.6484375,466.52557373046875,117.38999938964844
2025-02-13,116.68885040283203,450.87103271484375,117.91000366210938
2025-02-14,117.086669921875,434.8597717285156,119.16000366210938
2025-02-18,118.53868865966797,437.297119140625,124.62000274658203
2025-02-19,117.15628814697266,429.4599609375,112.05999755859375
2025-02-20,112.99913024902344,434.0770568847656,106.2699966430664
2025-02-21,111.68634033203125,443.83636474609375,101.3499984741211
2025-02-24,111.81562805175781,445.79815673828125,90.68000030517578
2025-02-25,114.02349853515625,456.7662658691406,87.83999633789062
2025-02-26,112.86983489990234,450.68280029296875,89.30999755859375
2025-02-27,110.43321990966797,455.73583984375,84.7699966430664
2025-02-28,105.48043060302734,457.4895324707031,84.91999816894531
2025-03-03,102.15869140625,471.1541442871094,83.41999816894531
2025-03-04,105.2119140625,461.6197509765625,84.4000015258789
2025-03-05,109.3392333984375,471.94036865234375,90.12999725341797
2025-03-06,107.73802947998047,472.93560791015625,80.45999908447266
2025-03-07,115.83354949951172,484.20166015625,84.91000366210938
2025-03-10,112.02447509765625,493.089111328125,76.37999725341797
2025-03-11,109.43869018554688,491.7554626464844,78.05000305175781
2025-03-12,110.94043731689453,472.8360900878906,83.6500015258789
2025-03-13,110.7116928100586,488.25225830078125,79.62000274658203
2025-03-14,111.63661193847656,482.6192321777344,86.23999786376953
2025-03-17,114.70972442626953,488.1626892089844,87.3499984741211
2025-03-18,115.88327026367188,487.4759826660156,83.88999938964844
2025-03-19,112.0940933227539,489.1778259277344,86.0999984741211
2025-03-20,103.01399230957031,486.89874267578125,87.38999938964844
2025-03-21,103.57093048095703,488.38165283203125,90.95999908447266
2025-03-24,104.59529876708984,492.7208557128906,96.75
2025-03-25,105.739013671875,504.20587158203125,96.5
2025-03-26,105.739013671875,504.7234191894531,92.27999877929688
2025-03-27,105.28153228759766,511.37158203125,90.08999633789062
2025-03-28,104.70469665527344,509.74932861328125,85.8499984741211
2025-03-31,104.0085220336914,509.5701904296875,84.4000015258789
2025-04-01,106.77333068847656,510.65496826171875,84.68000030517578
2025-04-02,112.21343994140625,509.7393798828125,87.44999694824219
2025-04-03,111.12939453125,512.7151489257812,83.5999984741211
2025-04-04,108.603271484375,483.2064208984375,74.01000213623047
2025-04-07,106.78327941894531,479.2752380371094,77.83999633789062
2025-04-08,106.10699462890625,489.6257019042969,77.31999969482422
2025-04-09,107.47945404052734,509.8587951660156,92.01000213623047
2025-04-10,108.21540832519531,513.6307983398438,88.58999633789062
2025-04-11,108.1855697631836,531.4454345703125,88.55000305175781
2025-04-14,111.41780853271484,533.2667236328125,92.62000274658203
2025-04-15,109.68732452392578,526.8375244140625,98.4000015258789
2025-04-16,110.68185424804688,534.9486694335938,92.70999908447266
2025-04-17,113.05879974365234,537.8150024414062,93.77999877929688
2025-04-21,111.33824920654297,528.7981567382812,90.80000305175781
2025-04-22,114.50086975097656,461.8685607910156,93.98999786376953
2025-04-23,115.78382110595703,470.3977355957031,100.81999969482422
2025-04-24,118.67792510986328,460.8634033203125,107.77999877929688
2025-04-25,118.9365005493164,470.94512939453125,112.77999877929688
2025-04-28,118.16075897216797,481.0069580078125,114.6500015258789
2025-04-29,118.64808654785156,479.802734375,116.08000183105469
2025-04-30,119.36415100097656,484.1817626953125,118.44000244140625
2025-05-01,118.8768310546875,484.3509521484375,116.19999694824219
2025-05-02,119.1552963256836,489.07830810546875,124.27999877929688
2025-05-05,118.51879119873047,490.97918701171875,123.7699966430664
2025-05-06,122.67595672607422,485.1571044921875,108.86000061035156
2025-05-07,122.51683044433594,483.7239685058594,110.4800033569336
2025-05-08,122.95442199707031,482.0618896484375,119.1500015258789
2025-05-09,123.1135482788086,480.32025146484375,117.30000305175781
2025-05-12,123.98873901367188,476.8767395019531,118.45999908447266
2025-05-13,123.04393768310547,468.42718505859375,128.10000610351562
2025-05-14,122.77540588378906,454.1256408691406,130.17999267578125
2025-05-15,126.97234344482422,466.81488037109375,128.1199951171875
2025-05-16,128.10610961914062,470.915283203125,129.52000427246094
2025-05-19,128.59344482421875,468.8750305175781,126.33000183105469
2025-05-20,128.98130798339844,474.3289489746094,125.58999633789062
2025-05-21,127.71824645996094,471.64178466796875,120.58000183105469
2025-05-22,128.42437744140625,470.62664794921875,122.29000091552734
2025-05-23,107.20098114013672,469.2134094238281,123.30999755859375
2025-05-27,109.2099380493164,473.2043151855469,123.38999938964844
2025-05-28,104.08808898925781,473.0550231933594,123.76000213623047
2025-05-29,105.14229583740234,477.10565185546875,122.31999969482422
2025-05-30,105.66939544677734,482.4599914550781,131.77999877929688
2025-06-02,102.7454605102539,483.3800048828125,132.0399932861328
2025-06-03,104.34666442871094,488.2200012207031,133.1699981689453
2025-06-04,101.94983673095703,491.2900085449219,130.00999450683594
2025-06-05,101.58185577392578,488.1199951171875,119.91000366210938
2025-06-06,102.685791015625,489.4100036621094,127.72000122070312
2025-06-09,101.34317016601562,491.3599853515625,132.05999755859375
2025-06-10,100.0999984741211,488.79998779296875,132.80999755859375
2025-06-11,100.6500015258789,488.4599914550781,136.38999938964844
2025-06-12,102.0999984741211,497.1300048828125,135.19000244140625
2025-06-13,103.30000305175781,516.719970703125,137.39999389648438
2025-06-16,102.16999816894531,497.5199890136719,141.41000366210938
2025-06-17,102.22000122070312,503.9700012207031,138.1999969482422
2025-06-18,102.0,494.6499938964844,139.9600067138672
2025-06-20,99.97000122070312,497.70001220703125,137.3000030517578
2025-06-23,100.69000244140625,499.6700134277344,139.9199981689453
2025-06-24,100.16000366210938,484.0,143.22999572753906
2025-06-25,101.33999633789062,486.9200134277344,142.89999389648438
2025-06-26,103.2699966430664,493.6600036621094,144.25
2025-06-27,102.86000061035156,494.0,130.74000549316406
